transaction_id,date,year,quarter,month,month_name,week,day_name,is_weekend,customer_id,gender,age,age_group,product_category,quantity,price_per_unit,total_amount,profit,profit_margin_pct
180,2023-01-01,2023,1,1,January,52,Sunday,1,CUST180,Male,41,35-44,Clothing,3,300,900,270.0,30.0
522,2023-01-01,2023,1,1,January,52,Sunday,1,CUST522,Male,46,45-54,Beauty,3,500,1500,450.0,30.0
559,2023-01-01,2023,1,1,January,52,Sunday,1,CUST559,Female,40,35-44,Clothing,4,300,1200,360.0,30.0
163,2023-01-02,2023,1,1,January,1,Monday,0,CUST163,Female,64,55+,Clothing,3,50,150,45.0,30.0
303,2023-01-02,2023,1,1,January,1,Monday,0,CUST303,Male,19,18-24,Electronics,3,30,90,27.0,30.0
421,2023-01-02,2023,1,1,January,1,Monday,0,CUST421,Female,37,35-44,Clothing,3,500,1500,450.0,30.0
979,2023-01-02,2023,1,1,January,1,Monday,0,CUST979,Female,19,18-24,Beauty,1,25,25,7.5,30.0
610,2023-01-03,2023,1,1,January,1,Tuesday,0,CUST610,Female,26,25-34,Beauty,2,300,600,180.0,30.0
32,2023-01-04,2023,1,1,January,1,Wednesday,0,CUST032,Male,30,25-34,Beauty,3,30,90,27.0,30.0
231,2023-01-04,2023,1,1,January,1,Wednesday,0,CUST231,Female,23,18-24,Clothing,3,50,150,45.0,30.0
683,2023-01-04,2023,1,1,January,1,Wednesday,0,CUST683,Male,38,35-44,Beauty,2,500,1000,300.0,30.0
367,2023-01-05,2023,1,1,January,1,Thursday,0,CUST367,Female,57,55+,Electronics,1,50,50,15.0,30.0
391,2023-01-05,2023,1,1,January,1,Thursday,0,CUST391,Male,19,18-24,Beauty,2,25,50,15.0,30.0
432,2023-01-05,2023,1,1,January,1,Thursday,0,CUST432,Female,60,55+,Electronics,2,500,1000,300.0,30.0
150,2023-01-06,2023,1,1,January,1,Friday,0,CUST150,Female,58,55+,Electronics,4,30,120,36.0,30.0
845,2023-01-06,2023,1,1,January,1,Friday,0,CUST845,Male,54,45-54,Clothing,1,500,500,150.0,30.0
797,2023-01-07,2023,1,1,January,1,Saturday,1,CUST797,Male,40,35-44,Clothing,3,25,75,22.5,30.0
921,2023-01-07,2023,1,1,January,1,Saturday,1,CUST921,Male,51,45-54,Electronics,3,25,75,22.5,30.0
291,2023-01-08,2023,1,1,January,1,Sunday,1,CUST291,Male,60,55+,Clothing,2,300,600,180.0,30.0
907,2023-01-08,2023,1,1,January,1,Sunday,1,CUST907,Female,45,45-54,Electronics,1,25,25,7.5,30.0
860,2023-01-09,2023,1,1,January,2,Monday,0,CUST860,Male,63,55+,Clothing,4,50,200,60.0,30.0
184,2023-01-10,2023,1,1,January,2,Tuesday,0,CUST184,Male,31,25-34,Electronics,4,50,200,60.0,30.0
734,2023-01-10,2023,1,1,January,2,Tuesday,0,CUST734,Female,27,25-34,Clothing,1,30,30,9.0,30.0
225,2023-01-11,2023,1,1,January,2,Wednesday,0,CUST225,Female,57,55+,Beauty,4,25,100,30.0,30.0
679,2023-01-11,2023,1,1,January,2,Wednesday,0,CUST679,Female,18,18-24,Beauty,3,30,90,27.0,30.0
746,2023-01-11,2023,1,1,January,2,Wednesday,0,CUST746,Female,33,25-34,Clothing,3,30,90,27.0,30.0
3,2023-01-13,2023,1,1,January,2,Friday,0,CUST003,Male,50,45-54,Electronics,1,30,30,9.0,30.0
464,2023-01-13,2023,1,1,January,2,Friday,0,CUST464,Male,38,35-44,Electronics,2,300,600,180.0,30.0
484,2023-01-13,2023,1,1,January,2,Friday,0,CUST484,Female,19,18-24,Clothing,4,300,1200,360.0,30.0
591,2023-01-13,2023,1,1,January,2,Friday,0,CUST591,Male,53,45-54,Electronics,4,25,100,30.0,30.0
21,2023-01-14,2023,1,1,January,2,Saturday,1,CUST021,Female,50,45-54,Beauty,1,500,500,150.0,30.0
708,2023-01-14,2023,1,1,January,2,Saturday,1,CUST708,Female,43,35-44,Beauty,3,300,900,270.0,30.0
713,2023-01-14,2023,1,1,January,2,Saturday,1,CUST713,Male,34,25-34,Beauty,3,25,75,22.5,30.0
768,2023-01-14,2023,1,1,January,2,Saturday,1,CUST768,Female,24,18-24,Beauty,3,25,75,22.5,30.0
499,2023-01-15,2023,1,1,January,2,Sunday,1,CUST499,Male,46,45-54,Beauty,2,30,60,18.0,30.0
697,2023-01-15,2023,1,1,January,2,Sunday,1,CUST697,Male,53,45-54,Clothing,1,500,500,150.0,30.0
831,2023-01-15,2023,1,1,January,2,Sunday,1,CUST831,Male,27,25-34,Electronics,4,25,100,30.0,30.0
15,2023-01-16,2023,1,1,January,3,Monday,0,CUST015,Female,42,35-44,Electronics,4,500,2000,600.0,30.0
743,2023-01-16,2023,1,1,January,3,Monday,0,CUST743,Female,34,25-34,Beauty,4,500,2000,600.0,30.0
14,2023-01-17,2023,1,1,January,3,Tuesday,0,CUST014,Male,64,55+,Clothing,4,30,120,36.0,30.0
103,2023-01-17,2023,1,1,January,3,Tuesday,0,CUST103,Female,59,55+,Clothing,1,25,25,7.5,30.0
238,2023-01-17,2023,1,1,January,3,Tuesday,0,CUST238,Female,39,35-44,Beauty,1,500,500,150.0,30.0
986,2023-01-17,2023,1,1,January,3,Tuesday,0,CUST986,Female,49,45-54,Clothing,2,500,1000,300.0,30.0
438,2023-01-19,2023,1,1,January,3,Thursday,0,CUST438,Female,42,35-44,Clothing,1,30,30,9.0,30.0
475,2023-01-20,2023,1,1,January,3,Friday,0,CUST475,Male,26,25-34,Clothing,3,25,75,22.5,30.0
505,2023-01-20,2023,1,1,January,3,Friday,0,CUST505,Male,24,18-24,Beauty,1,50,50,15.0,30.0
344,2023-01-21,2023,1,1,January,3,Saturday,1,CUST344,Female,42,35-44,Beauty,1,30,30,9.0,30.0
448,2023-01-21,2023,1,1,January,3,Saturday,1,CUST448,Female,54,45-54,Beauty,2,30,60,18.0,30.0
742,2023-01-21,2023,1,1,January,3,Saturday,1,CUST742,Female,38,35-44,Electronics,4,500,2000,600.0,30.0
445,2023-01-22,2023,1,1,January,3,Sunday,1,CUST445,Female,53,45-54,Electronics,1,300,300,90.0,30.0
787,2023-01-22,2023,1,1,January,3,Sunday,1,CUST787,Male,41,35-44,Electronics,1,25,25,7.5,30.0
49,2023-01-23,2023,1,1,January,4,Monday,0,CUST049,Female,54,45-54,Electronics,2,500,1000,300.0,30.0
420,2023-01-23,2023,1,1,January,4,Monday,0,CUST420,Female,22,18-24,Clothing,4,500,2000,600.0,30.0
519,2023-01-23,2023,1,1,January,4,Monday,0,CUST519,Female,36,35-44,Electronics,4,30,120,36.0,30.0
64,2023-01-24,2023,1,1,January,4,Tuesday,0,CUST064,Male,49,45-54,Clothing,4,25,100,30.0,30.0
592,2023-01-24,2023,1,1,January,4,Tuesday,0,CUST592,Female,46,45-54,Beauty,4,500,2000,600.0,30.0
912,2023-01-24,2023,1,1,January,4,Tuesday,0,CUST912,Male,51,45-54,Beauty,3,50,150,45.0,30.0
134,2023-01-25,2023,1,1,January,4,Wednesday,0,CUST134,Male,49,45-54,Electronics,1,50,50,15.0,30.0
288,2023-01-26,2023,1,1,January,4,Thursday,0,CUST288,Male,28,25-34,Clothing,4,30,120,36.0,30.0
323,2023-01-26,2023,1,1,January,4,Thursday,0,CUST323,Female,29,25-34,Beauty,3,300,900,270.0,30.0
618,2023-01-26,2023,1,1,January,4,Thursday,0,CUST618,Female,27,25-34,Beauty,1,50,50,15.0,30.0
720,2023-01-26,2023,1,1,January,4,Thursday,0,CUST720,Female,56,55+,Beauty,3,500,1500,450.0,30.0
415,2023-01-27,2023,1,1,January,4,Friday,0,CUST415,Male,53,45-54,Clothing,2,30,60,18.0,30.0
736,2023-01-27,2023,1,1,January,4,Friday,0,CUST736,Male,29,25-34,Clothing,4,25,100,30.0,30.0
929,2023-01-27,2023,1,1,January,4,Friday,0,CUST929,Female,23,18-24,Beauty,3,25,75,22.5,30.0
264,2023-01-28,2023,1,1,January,4,Saturday,1,CUST264,Male,47,45-54,Clothing,3,300,900,270.0,30.0
913,2023-01-28,2023,1,1,January,4,Saturday,1,CUST913,Male,29,25-34,Electronics,3,30,90,27.0,30.0
940,2023-01-28,2023,1,1,January,4,Saturday,1,CUST940,Female,20,18-24,Electronics,1,30,30,9.0,30.0
101,2023-01-29,2023,1,1,January,4,Sunday,1,CUST101,Male,32,25-34,Clothing,2,300,600,180.0,30.0
189,2023-01-30,2023,1,1,January,5,Monday,0,CUST189,Male,63,55+,Beauty,1,50,50,15.0,30.0
317,2023-01-30,2023,1,1,January,5,Monday,0,CUST317,Male,22,18-24,Electronics,3,30,90,27.0,30.0
322,2023-01-30,2023,1,1,January,5,Monday,0,CUST322,Male,51,45-54,Electronics,1,500,500,150.0,30.0
329,2023-01-30,2023,1,1,January,5,Monday,0,CUST329,Female,46,45-54,Electronics,4,25,100,30.0,30.0
235,2023-01-31,2023,1,1,January,5,Tuesday,0,CUST235,Female,23,18-24,Electronics,2,500,1000,300.0,30.0
300,2023-01-31,2023,1,1,January,5,Tuesday,0,CUST300,Female,19,18-24,Electronics,4,50,200,60.0,30.0
964,2023-01-31,2023,1,1,January,5,Tuesday,0,CUST964,Male,24,18-24,Clothing,3,300,900,270.0,30.0
269,2023-02-01,2023,1,2,February,5,Wednesday,0,CUST269,Male,25,25-34,Clothing,4,500,2000,600.0,30.0
320,2023-02-01,2023,1,2,February,5,Wednesday,0,CUST320,Female,28,25-34,Electronics,4,300,1200,360.0,30.0
673,2023-02-01,2023,1,2,February,5,Wednesday,0,CUST673,Female,43,35-44,Clothing,3,500,1500,450.0,30.0
142,2023-02-02,2023,1,2,February,5,Thursday,0,CUST142,Male,35,35-44,Electronics,4,300,1200,360.0,30.0
223,2023-02-02,2023,1,2,February,5,Thursday,0,CUST223,Female,64,55+,Clothing,1,25,25,7.5,30.0
666,2023-02-02,2023,1,2,February,5,Thursday,0,CUST666,Male,51,45-54,Electronics,3,50,150,45.0,30.0
107,2023-02-03,2023,1,2,February,5,Friday,0,CUST107,Female,21,18-24,Clothing,4,300,1200,360.0,30.0
933,2023-02-03,2023,1,2,February,5,Friday,0,CUST933,Male,22,18-24,Beauty,1,30,30,9.0,30.0
237,2023-02-04,2023,1,2,February,5,Saturday,1,CUST237,Female,50,45-54,Beauty,2,500,1000,300.0,30.0
335,2023-02-04,2023,1,2,February,5,Saturday,1,CUST335,Female,47,45-54,Beauty,4,30,120,36.0,30.0
63,2023-02-05,2023,1,2,February,5,Sunday,1,CUST063,Male,57,55+,Electronics,2,25,50,15.0,30.0
195,2023-02-05,2023,1,2,February,5,Sunday,1,CUST195,Male,52,45-54,Clothing,1,30,30,9.0,30.0
333,2023-02-05,2023,1,2,February,5,Sunday,1,CUST333,Female,54,45-54,Electronics,4,300,1200,360.0,30.0
379,2023-02-05,2023,1,2,February,5,Sunday,1,CUST379,Female,47,45-54,Clothing,1,25,25,7.5,30.0
490,2023-02-05,2023,1,2,February,5,Sunday,1,CUST490,Male,34,25-34,Clothing,3,50,150,45.0,30.0
530,2023-02-05,2023,1,2,February,5,Sunday,1,CUST530,Female,18,18-24,Electronics,4,30,120,36.0,30.0
740,2023-02-05,2023,1,2,February,5,Sunday,1,CUST740,Female,25,25-34,Beauty,4,50,200,60.0,30.0
793,2023-02-05,2023,1,2,February,5,Sunday,1,CUST793,Male,54,45-54,Beauty,1,30,30,9.0,30.0
85,2023-02-06,2023,1,2,February,6,Monday,0,CUST085,Male,31,25-34,Clothing,3,50,150,45.0,30.0
232,2023-02-06,2023,1,2,February,6,Monday,0,CUST232,Female,43,35-44,Beauty,1,25,25,7.5,30.0
240,2023-02-06,2023,1,2,February,6,Monday,0,CUST240,Female,23,18-24,Beauty,1,300,300,90.0,30.0
993,2023-02-06,2023,1,2,February,6,Monday,0,CUST993,Female,48,45-54,Electronics,3,50,150,45.0,30.0
366,2023-02-07,2023,1,2,February,6,Tuesday,0,CUST366,Male,57,55+,Clothing,2,50,100,30.0,30.0
372,2023-02-07,2023,1,2,February,6,Tuesday,0,CUST372,Female,24,18-24,Beauty,3,500,1500,450.0,30.0
596,2023-02-07,2023,1,2,February,6,Tuesday,0,CUST596,Female,64,55+,Electronics,1,300,300,90.0,30.0
936,2023-02-07,2023,1,2,February,6,Tuesday,0,CUST936,Male,57,55+,Beauty,4,50,200,60.0,30.0
284,2023-02-08,2023,1,2,February,6,Wednesday,0,CUST284,Male,43,35-44,Clothing,4,50,200,60.0,30.0
434,2023-02-08,2023,1,2,February,6,Wednesday,0,CUST434,Female,43,35-44,Electronics,2,25,50,15.0,30.0
775,2023-02-08,2023,1,2,February,6,Wednesday,0,CUST775,Female,46,45-54,Electronics,4,25,100,30.0,30.0
977,2023-02-08,2023,1,2,February,6,Wednesday,0,CUST977,Female,35,35-44,Electronics,3,25,75,22.5,30.0
649,2023-02-09,2023,1,2,February,6,Thursday,0,CUST649,Female,58,55+,Clothing,2,300,600,180.0,30.0
54,2023-02-10,2023,1,2,February,6,Friday,0,CUST054,Female,38,35-44,Electronics,3,500,1500,450.0,30.0
68,2023-02-10,2023,1,2,February,6,Friday,0,CUST068,Male,25,25-34,Electronics,1,300,300,90.0,30.0
192,2023-02-10,2023,1,2,February,6,Friday,0,CUST192,Male,62,55+,Beauty,2,50,100,30.0,30.0
331,2023-02-11,2023,1,2,February,6,Saturday,1,CUST331,Male,28,25-34,Electronics,3,30,90,27.0,30.0
346,2023-02-11,2023,1,2,February,6,Saturday,1,CUST346,Male,59,55+,Clothing,2,500,1000,300.0,30.0
657,2023-02-11,2023,1,2,February,6,Saturday,1,CUST657,Male,40,35-44,Clothing,1,25,25,7.5,30.0
732,2023-02-11,2023,1,2,February,6,Saturday,1,CUST732,Male,61,55+,Electronics,2,500,1000,300.0,30.0
972,2023-02-11,2023,1,2,February,6,Saturday,1,CUST972,Male,49,45-54,Beauty,4,25,100,30.0,30.0
714,2023-02-12,2023,1,2,February,6,Sunday,1,CUST714,Female,18,18-24,Clothing,1,500,500,150.0,30.0
193,2023-02-13,2023,1,2,February,7,Monday,0,CUST193,Male,35,35-44,Beauty,3,500,1500,450.0,30.0
577,2023-02-13,2023,1,2,February,7,Monday,0,CUST577,Male,21,18-24,Beauty,4,500,2000,600.0,30.0
848,2023-02-13,2023,1,2,February,7,Monday,0,CUST848,Female,63,55+,Clothing,3,25,75,22.5,30.0
945,2023-02-13,2023,1,2,February,7,Monday,0,CUST945,Male,30,25-34,Beauty,1,25,25,7.5,30.0
11,2023-02-14,2023,1,2,February,7,Tuesday,0,CUST011,Male,23,18-24,Clothing,2,50,100,30.0,30.0
821,2023-02-14,2023,1,2,February,7,Tuesday,0,CUST821,Male,49,45-54,Electronics,1,300,300,90.0,30.0
133,2023-02-16,2023,1,2,February,7,Thursday,0,CUST133,Male,20,18-24,Electronics,3,300,900,270.0,30.0
16,2023-02-17,2023,1,2,February,7,Friday,0,CUST016,Male,19,18-24,Clothing,3,500,1500,450.0,30.0
42,2023-02-17,2023,1,2,February,7,Friday,0,CUST042,Male,22,18-24,Clothing,3,300,900,270.0,30.0
292,2023-02-17,2023,1,2,February,7,Friday,0,CUST292,Male,20,18-24,Beauty,4,300,1200,360.0,30.0
416,2023-02-17,2023,1,2,February,7,Friday,0,CUST416,Male,53,45-54,Electronics,4,500,2000,600.0,30.0
584,2023-02-17,2023,1,2,February,7,Friday,0,CUST584,Female,27,25-34,Beauty,4,50,200,60.0,30.0
861,2023-02-17,2023,1,2,February,7,Friday,0,CUST861,Female,41,35-44,Clothing,3,30,90,27.0,30.0
256,2023-02-18,2023,1,2,February,7,Saturday,1,CUST256,Male,23,18-24,Clothing,2,500,1000,300.0,30.0
44,2023-02-19,2023,1,2,February,7,Sunday,1,CUST044,Female,22,18-24,Clothing,1,25,25,7.5,30.0
257,2023-02-19,2023,1,2,February,7,Sunday,1,CUST257,Male,19,18-24,Beauty,4,500,2000,600.0,30.0
268,2023-02-20,2023,1,2,February,8,Monday,0,CUST268,Female,28,25-34,Electronics,1,30,30,9.0,30.0
287,2023-02-20,2023,1,2,February,8,Monday,0,CUST287,Male,54,45-54,Clothing,4,25,100,30.0,30.0
966,2023-02-20,2023,1,2,February,8,Monday,0,CUST966,Male,60,55+,Electronics,2,500,1000,300.0,30.0
70,2023-02-21,2023,1,2,February,8,Tuesday,0,CUST070,Female,43,35-44,Clothing,1,300,300,90.0,30.0
371,2023-02-21,2023,1,2,February,8,Tuesday,0,CUST371,Female,20,18-24,Beauty,1,25,25,7.5,30.0
900,2023-02-21,2023,1,2,February,8,Tuesday,0,CUST900,Male,21,18-24,Clothing,2,30,60,18.0,30.0
8,2023-02-22,2023,1,2,February,8,Wednesday,0,CUST008,Male,30,25-34,Electronics,4,25,100,30.0,30.0
41,2023-02-22,2023,1,2,February,8,Wednesday,0,CUST041,Male,34,25-34,Clothing,2,25,50,15.0,30.0
454,2023-02-22,2023,1,2,February,8,Wednesday,0,CUST454,Female,46,45-54,Beauty,1,25,25,7.5,30.0
780,2023-02-22,2023,1,2,February,8,Wednesday,0,CUST780,Male,52,45-54,Electronics,2,25,50,15.0,30.0
920,2023-02-22,2023,1,2,February,8,Wednesday,0,CUST920,Female,28,25-34,Beauty,3,25,75,22.5,30.0
396,2023-02-23,2023,1,2,February,8,Thursday,0,CUST396,Female,55,55+,Beauty,1,30,30,9.0,30.0
168,2023-02-24,2023,1,2,February,8,Friday,0,CUST168,Male,53,45-54,Clothing,1,300,300,90.0,30.0
400,2023-02-24,2023,1,2,February,8,Friday,0,CUST400,Male,53,45-54,Clothing,4,50,200,60.0,30.0
611,2023-02-24,2023,1,2,February,8,Friday,0,CUST611,Male,51,45-54,Beauty,3,500,1500,450.0,30.0
800,2023-02-24,2023,1,2,February,8,Friday,0,CUST800,Male,32,25-34,Clothing,4,300,1200,360.0,30.0
272,2023-02-25,2023,1,2,February,8,Saturday,1,CUST272,Female,61,55+,Electronics,2,50,100,30.0,30.0
473,2023-02-25,2023,1,2,February,8,Saturday,1,CUST473,Male,64,55+,Beauty,1,50,50,15.0,30.0
506,2023-02-25,2023,1,2,February,8,Saturday,1,CUST506,Male,34,25-34,Beauty,3,500,1500,450.0,30.0
766,2023-02-25,2023,1,2,February,8,Saturday,1,CUST766,Male,38,35-44,Electronics,3,300,900,270.0,30.0
135,2023-02-26,2023,1,2,February,8,Sunday,1,CUST135,Male,20,18-24,Clothing,2,25,50,15.0,30.0
2,2023-02-27,2023,1,2,February,9,Monday,0,CUST002,Female,26,25-34,Clothing,2,500,1000,300.0,30.0
158,2023-02-27,2023,1,2,February,9,Monday,0,CUST158,Female,44,35-44,Electronics,2,300,600,180.0,30.0
185,2023-02-27,2023,1,2,February,9,Monday,0,CUST185,Male,24,18-24,Clothing,1,25,25,7.5,30.0
433,2023-02-27,2023,1,2,February,9,Monday,0,CUST433,Male,29,25-34,Beauty,4,50,200,60.0,30.0
152,2023-02-28,2023,1,2,February,9,Tuesday,0,CUST152,Male,43,35-44,Electronics,4,500,2000,600.0,30.0
753,2023-02-28,2023,1,2,February,9,Tuesday,0,CUST753,Female,32,25-34,Clothing,1,30,30,9.0,30.0
763,2023-02-28,2023,1,2,February,9,Tuesday,0,CUST763,Male,34,25-34,Clothing,2,25,50,15.0,30.0
932,2023-02-28,2023,1,2,February,9,Tuesday,0,CUST932,Female,45,45-54,Beauty,4,25,100,30.0,30.0
399,2023-03-01,2023,1,3,March,9,Wednesday,0,CUST399,Female,64,55+,Beauty,2,30,60,18.0,30.0
500,2023-03-01,2023,1,3,March,9,Wednesday,0,CUST500,Female,60,55+,Beauty,4,25,100,30.0,30.0
514,2023-03-01,2023,1,3,March,9,Wednesday,0,CUST514,Female,18,18-24,Electronics,1,300,300,90.0,30.0
947,2023-03-02,2023,1,3,March,9,Thursday,0,CUST947,Male,50,45-54,Beauty,1,300,300,90.0,30.0
220,2023-03-03,2023,1,3,March,9,Friday,0,CUST220,Male,64,55+,Beauty,1,500,500,150.0,30.0
339,2023-03-03,2023,1,3,March,9,Friday,0,CUST339,Female,22,18-24,Electronics,2,25,50,15.0,30.0
785,2023-03-03,2023,1,3,March,9,Friday,0,CUST785,Female,31,25-34,Beauty,4,50,200,60.0,30.0
885,2023-03-03,2023,1,3,March,9,Friday,0,CUST885,Female,52,45-54,Clothing,4,30,120,36.0,30.0
888,2023-03-03,2023,1,3,March,9,Friday,0,CUST888,Female,52,45-54,Electronics,4,25,100,30.0,30.0
621,2023-03-04,2023,1,3,March,9,Saturday,1,CUST621,Female,40,35-44,Beauty,2,500,1000,300.0,30.0
52,2023-03-05,2023,1,3,March,9,Sunday,1,CUST052,Female,36,35-44,Beauty,1,300,300,90.0,30.0
536,2023-03-05,2023,1,3,March,9,Sunday,1,CUST536,Female,55,55+,Beauty,4,30,120,36.0,30.0
197,2023-03-06,2023,1,3,March,10,Monday,0,CUST197,Female,42,35-44,Clothing,4,50,200,60.0,30.0
750,2023-03-06,2023,1,3,March,10,Monday,0,CUST750,Female,35,35-44,Clothing,3,25,75,22.5,30.0
910,2023-03-06,2023,1,3,March,10,Monday,0,CUST910,Female,20,18-24,Beauty,3,50,150,45.0,30.0
917,2023-03-06,2023,1,3,March,10,Monday,0,CUST917,Female,57,55+,Electronics,4,50,200,60.0,30.0
198,2023-03-07,2023,1,3,March,10,Tuesday,0,CUST198,Female,54,45-54,Beauty,3,300,900,270.0,30.0
444,2023-03-07,2023,1,3,March,10,Tuesday,0,CUST444,Female,61,55+,Clothing,3,30,90,27.0,30.0
547,2023-03-07,2023,1,3,March,10,Tuesday,0,CUST547,Male,63,55+,Clothing,4,500,2000,600.0,30.0
705,2023-03-07,2023,1,3,March,10,Tuesday,0,CUST705,Male,60,55+,Electronics,2,25,50,15.0,30.0
423,2023-03-08,2023,1,3,March,10,Wednesday,0,CUST423,Female,27,25-34,Clothing,1,25,25,7.5,30.0
248,2023-03-09,2023,1,3,March,10,Thursday,0,CUST248,Male,26,25-34,Clothing,3,300,900,270.0,30.0
360,2023-03-09,2023,1,3,March,10,Thursday,0,CUST360,Male,42,35-44,Clothing,4,25,100,30.0,30.0
377,2023-03-09,2023,1,3,March,10,Thursday,0,CUST377,Female,46,45-54,Clothing,4,50,200,60.0,30.0
397,2023-03-10,2023,1,3,March,10,Friday,0,CUST397,Female,30,25-34,Beauty,1,25,25,7.5,30.0
623,2023-03-10,2023,1,3,March,10,Friday,0,CUST623,Male,34,25-34,Clothing,3,50,150,45.0,30.0
717,2023-03-11,2023,1,3,March,10,Saturday,1,CUST717,Male,57,55+,Clothing,1,500,500,150.0,30.0
130,2023-03-12,2023,1,3,March,10,Sunday,1,CUST130,Female,57,55+,Clothing,1,500,500,150.0,30.0
658,2023-03-12,2023,1,3,March,10,Sunday,1,CUST658,Male,59,55+,Clothing,1,25,25,7.5,30.0
7,2023-03-13,2023,1,3,March,11,Monday,0,CUST007,Male,46,45-54,Clothing,2,25,50,15.0,30.0
119,2023-03-13,2023,1,3,March,11,Monday,0,CUST119,Female,60,55+,Clothing,3,50,150,45.0,30.0
278,2023-03-13,2023,1,3,March,11,Monday,0,CUST278,Female,37,35-44,Clothing,4,25,100,30.0,30.0
117,2023-03-15,2023,1,3,March,11,Wednesday,0,CUST117,Male,19,18-24,Electronics,2,500,1000,300.0,30.0
442,2023-03-17,2023,1,3,March,11,Friday,0,CUST442,Female,60,55+,Clothing,4,25,100,30.0,30.0
590,2023-03-17,2023,1,3,March,11,Friday,0,CUST590,Male,36,35-44,Clothing,3,300,900,270.0,30.0
607,2023-03-17,2023,1,3,March,11,Friday,0,CUST607,Male,54,45-54,Clothing,3,25,75,22.5,30.0
436,2023-03-18,2023,1,3,March,11,Saturday,1,CUST436,Female,57,55+,Clothing,4,30,120,36.0,30.0
942,2023-03-18,2023,1,3,March,11,Saturday,1,CUST942,Male,51,45-54,Clothing,3,500,1500,450.0,30.0
659,2023-03-19,2023,1,3,March,11,Sunday,1,CUST659,Female,39,35-44,Electronics,1,30,30,9.0,30.0
941,2023-03-19,2023,1,3,March,11,Sunday,1,CUST941,Female,57,55+,Clothing,2,25,50,15.0,30.0
136,2023-03-20,2023,1,3,March,12,Monday,0,CUST136,Male,44,35-44,Electronics,2,300,600,180.0,30.0
175,2023-03-20,2023,1,3,March,12,Monday,0,CUST175,Female,31,25-34,Electronics,4,25,100,30.0,30.0
663,2023-03-20,2023,1,3,March,12,Monday,0,CUST663,Male,23,18-24,Clothing,4,300,1200,360.0,30.0
748,2023-03-20,2023,1,3,March,12,Monday,0,CUST748,Male,25,25-34,Clothing,3,50,150,45.0,30.0
806,2023-03-20,2023,1,3,March,12,Monday,0,CUST806,Female,35,35-44,Beauty,3,300,900,270.0,30.0
38,2023-03-21,2023,1,3,March,12,Tuesday,0,CUST038,Male,38,35-44,Beauty,4,50,200,60.0,30.0
313,2023-03-21,2023,1,3,March,12,Tuesday,0,CUST313,Female,55,55+,Beauty,3,500,1500,450.0,30.0
402,2023-03-21,2023,1,3,March,12,Tuesday,0,CUST402,Female,41,35-44,Clothing,2,300,600,180.0,30.0
459,2023-03-21,2023,1,3,March,12,Tuesday,0,CUST459,Male,28,25-34,Clothing,4,300,1200,360.0,30.0
161,2023-03-22,2023,1,3,March,12,Wednesday,0,CUST161,Male,64,55+,Beauty,2,500,1000,300.0,30.0
328,2023-03-22,2023,1,3,March,12,Wednesday,0,CUST328,Male,39,35-44,Beauty,2,50,100,30.0,30.0
383,2023-03-22,2023,1,3,March,12,Wednesday,0,CUST383,Female,46,45-54,Beauty,3,30,90,27.0,30.0
973,2023-03-22,2023,1,3,March,12,Wednesday,0,CUST973,Male,60,55+,Clothing,1,50,50,15.0,30.0
978,2023-03-22,2023,1,3,March,12,Wednesday,0,CUST978,Female,53,45-54,Clothing,3,50,150,45.0,30.0
33,2023-03-23,2023,1,3,March,12,Thursday,0,CUST033,Female,50,45-54,Electronics,2,50,100,30.0,30.0
138,2023-03-23,2023,1,3,March,12,Thursday,0,CUST138,Male,49,45-54,Clothing,4,50,200,60.0,30.0
471,2023-03-23,2023,1,3,March,12,Thursday,0,CUST471,Male,32,25-34,Clothing,3,50,150,45.0,30.0
636,2023-03-23,2023,1,3,March,12,Thursday,0,CUST636,Female,21,18-24,Beauty,3,500,1500,450.0,30.0
177,2023-03-24,2023,1,3,March,12,Friday,0,CUST177,Male,45,45-54,Beauty,2,50,100,30.0,30.0
426,2023-03-24,2023,1,3,March,12,Friday,0,CUST426,Male,23,18-24,Electronics,3,50,150,45.0,30.0
76,2023-03-25,2023,1,3,March,12,Saturday,1,CUST076,Female,22,18-24,Electronics,2,50,100,30.0,30.0
91,2023-03-25,2023,1,3,March,12,Saturday,1,CUST091,Female,55,55+,Electronics,1,500,500,150.0,30.0
461,2023-03-25,2023,1,3,March,12,Saturday,1,CUST461,Female,18,18-24,Beauty,2,500,1000,300.0,30.0
764,2023-03-25,2023,1,3,March,12,Saturday,1,CUST764,Female,40,35-44,Clothing,1,25,25,7.5,30.0
202,2023-03-26,2023,1,3,March,12,Sunday,1,CUST202,Female,34,25-34,Clothing,4,300,1200,360.0,30.0
301,2023-03-26,2023,1,3,March,12,Sunday,1,CUST301,Male,30,25-34,Clothing,4,30,120,36.0,30.0
703,2023-03-26,2023,1,3,March,12,Sunday,1,CUST703,Male,34,25-34,Electronics,2,50,100,30.0,30.0
294,2023-03-27,2023,1,3,March,13,Monday,0,CUST294,Female,23,18-24,Clothing,3,30,90,27.0,30.0
760,2023-03-27,2023,1,3,March,13,Monday,0,CUST760,Male,27,25-34,Beauty,1,500,500,150.0,30.0
575,2023-03-28,2023,1,3,March,13,Tuesday,0,CUST575,Male,60,55+,Clothing,2,50,100,30.0,30.0
88,2023-03-29,2023,1,3,March,13,Wednesday,0,CUST088,Male,56,55+,Clothing,1,500,500,150.0,30.0
975,2023-03-30,2023,1,3,March,13,Thursday,0,CUST975,Female,56,55+,Clothing,4,50,200,60.0,30.0
553,2023-03-31,2023,1,3,March,13,Friday,0,CUST553,Male,24,18-24,Clothing,4,300,1200,360.0,30.0
462,2023-04-01,2023,2,4,April,13,Saturday,1,CUST462,Male,63,55+,Electronics,4,300,1200,360.0,30.0
614,2023-04-01,2023,2,4,April,13,Saturday,1,CUST614,Female,39,35-44,Beauty,4,300,1200,360.0,30.0
808,2023-04-01,2023,2,4,April,13,Saturday,1,CUST808,Male,33,25-34,Beauty,4,500,2000,600.0,30.0
166,2023-04-02,2023,2,4,April,13,Sunday,1,CUST166,Male,34,25-34,Clothing,4,500,2000,600.0,30.0
465,2023-04-02,2023,2,4,April,13,Sunday,1,CUST465,Female,43,35-44,Electronics,3,50,150,45.0,30.0
502,2023-04-02,2023,2,4,April,13,Sunday,1,CUST502,Male,43,35-44,Electronics,3,50,150,45.0,30.0
905,2023-04-02,2023,2,4,April,13,Sunday,1,CUST905,Male,58,55+,Beauty,1,300,300,90.0,30.0
280,2023-04-04,2023,2,4,April,14,Tuesday,0,CUST280,Female,37,35-44,Clothing,3,500,1500,450.0,30.0
719,2023-04-04,2023,2,4,April,14,Tuesday,0,CUST719,Female,42,35-44,Clothing,2,30,60,18.0,30.0
834,2023-04-04,2023,2,4,April,14,Tuesday,0,CUST834,Female,56,55+,Beauty,2,30,60,18.0,30.0
891,2023-04-05,2023,2,4,April,14,Wednesday,0,CUST891,Male,41,35-44,Electronics,3,300,900,270.0,30.0
928,2023-04-05,2023,2,4,April,14,Wednesday,0,CUST928,Female,35,35-44,Clothing,4,300,1200,360.0,30.0
332,2023-04-06,2023,2,4,April,14,Thursday,0,CUST332,Male,58,55+,Electronics,4,300,1200,360.0,30.0
255,2023-04-08,2023,2,4,April,14,Saturday,1,CUST255,Male,48,45-54,Clothing,1,30,30,9.0,30.0
275,2023-04-08,2023,2,4,April,14,Saturday,1,CUST275,Male,43,35-44,Clothing,2,500,1000,300.0,30.0
314,2023-04-08,2023,2,4,April,14,Saturday,1,CUST314,Male,52,45-54,Clothing,4,30,120,36.0,30.0
517,2023-04-08,2023,2,4,April,14,Saturday,1,CUST517,Female,47,45-54,Clothing,4,25,100,30.0,30.0
847,2023-04-08,2023,2,4,April,14,Saturday,1,CUST847,Female,18,18-24,Electronics,4,300,1200,360.0,30.0
61,2023-04-09,2023,2,4,April,14,Sunday,1,CUST061,Male,21,18-24,Beauty,4,50,200,60.0,30.0
274,2023-04-09,2023,2,4,April,14,Sunday,1,CUST274,Female,23,18-24,Clothing,2,500,1000,300.0,30.0
486,2023-04-09,2023,2,4,April,14,Sunday,1,CUST486,Female,35,35-44,Electronics,1,25,25,7.5,30.0
548,2023-04-09,2023,2,4,April,14,Sunday,1,CUST548,Female,51,45-54,Clothing,2,30,60,18.0,30.0
886,2023-04-09,2023,2,4,April,14,Sunday,1,CUST886,Male,37,35-44,Electronics,3,300,900,270.0,30.0
892,2023-04-09,2023,2,4,April,14,Sunday,1,CUST892,Male,20,18-24,Electronics,1,50,50,15.0,30.0
601,2023-04-10,2023,2,4,April,15,Monday,0,CUST601,Male,19,18-24,Clothing,1,30,30,9.0,30.0
901,2023-04-10,2023,2,4,April,15,Monday,0,CUST901,Male,31,25-34,Electronics,1,30,30,9.0,30.0
527,2023-04-11,2023,2,4,April,15,Tuesday,0,CUST527,Male,57,55+,Clothing,2,25,50,15.0,30.0
23,2023-04-12,2023,2,4,April,15,Wednesday,0,CUST023,Female,35,35-44,Clothing,4,30,120,36.0,30.0
174,2023-04-12,2023,2,4,April,15,Wednesday,0,CUST174,Female,39,35-44,Beauty,1,300,300,90.0,30.0
589,2023-04-12,2023,2,4,April,15,Wednesday,0,CUST589,Female,36,35-44,Beauty,2,500,1000,300.0,30.0
774,2023-04-12,2023,2,4,April,15,Wednesday,0,CUST774,Female,40,35-44,Clothing,2,25,50,15.0,30.0
1000,2023-04-12,2023,2,4,April,15,Wednesday,0,CUST1000,Male,47,45-54,Electronics,4,30,120,36.0,30.0
210,2023-04-13,2023,2,4,April,15,Thursday,0,CUST210,Male,37,35-44,Electronics,4,50,200,60.0,30.0
478,2023-04-13,2023,2,4,April,15,Thursday,0,CUST478,Female,58,55+,Clothing,2,30,60,18.0,30.0
745,2023-04-13,2023,2,4,April,15,Thursday,0,CUST745,Male,54,45-54,Beauty,2,50,100,30.0,30.0
354,2023-04-15,2023,2,4,April,15,Saturday,1,CUST354,Female,49,45-54,Beauty,4,50,200,60.0,30.0
408,2023-04-15,2023,2,4,April,15,Saturday,1,CUST408,Female,64,55+,Beauty,1,500,500,150.0,30.0
674,2023-04-16,2023,2,4,April,15,Sunday,1,CUST674,Female,38,35-44,Clothing,1,300,300,90.0,30.0
967,2023-04-17,2023,2,4,April,16,Monday,0,CUST967,Male,62,55+,Beauty,1,25,25,7.5,30.0
79,2023-04-18,2023,2,4,April,16,Tuesday,0,CUST079,Male,34,25-34,Beauty,1,300,300,90.0,30.0
406,2023-04-18,2023,2,4,April,16,Tuesday,0,CUST406,Female,22,18-24,Beauty,4,25,100,30.0,30.0
450,2023-04-18,2023,2,4,April,16,Tuesday,0,CUST450,Female,59,55+,Beauty,2,25,50,15.0,30.0
562,2023-04-18,2023,2,4,April,16,Tuesday,0,CUST562,Male,54,45-54,Electronics,2,25,50,15.0,30.0
108,2023-04-19,2023,2,4,April,16,Wednesday,0,CUST108,Female,27,25-34,Beauty,3,25,75,22.5,30.0
111,2023-04-19,2023,2,4,April,16,Wednesday,0,CUST111,Female,34,25-34,Electronics,3,500,1500,450.0,30.0
207,2023-04-19,2023,2,4,April,16,Wednesday,0,CUST207,Female,42,35-44,Beauty,2,25,50,15.0,30.0
724,2023-04-19,2023,2,4,April,16,Wednesday,0,CUST724,Male,61,55+,Clothing,3,50,150,45.0,30.0
836,2023-04-19,2023,2,4,April,16,Wednesday,0,CUST836,Female,22,18-24,Clothing,1,50,50,15.0,30.0
969,2023-04-19,2023,2,4,April,16,Wednesday,0,CUST969,Female,40,35-44,Clothing,3,300,900,270.0,30.0
246,2023-04-20,2023,2,4,April,16,Thursday,0,CUST246,Female,48,45-54,Electronics,2,25,50,15.0,30.0
298,2023-04-20,2023,2,4,April,16,Thursday,0,CUST298,Male,27,25-34,Beauty,4,300,1200,360.0,30.0
374,2023-04-20,2023,2,4,April,16,Thursday,0,CUST374,Female,59,55+,Beauty,3,25,75,22.5,30.0
572,2023-04-20,2023,2,4,April,16,Thursday,0,CUST572,Male,31,25-34,Clothing,4,500,2000,600.0,30.0
665,2023-04-20,2023,2,4,April,16,Thursday,0,CUST665,Male,57,55+,Clothing,1,50,50,15.0,30.0
39,2023-04-21,2023,2,4,April,16,Friday,0,CUST039,Male,23,18-24,Clothing,4,30,120,36.0,30.0
893,2023-04-21,2023,2,4,April,16,Friday,0,CUST893,Male,49,45-54,Electronics,1,50,50,15.0,30.0
17,2023-04-22,2023,2,4,April,16,Saturday,1,CUST017,Female,27,25-34,Clothing,4,25,100,30.0,30.0
316,2023-04-22,2023,2,4,April,16,Saturday,1,CUST316,Female,48,45-54,Clothing,2,25,50,15.0,30.0
755,2023-04-22,2023,2,4,April,16,Saturday,1,CUST755,Female,58,55+,Clothing,3,25,75,22.5,30.0
28,2023-04-23,2023,2,4,April,16,Sunday,1,CUST028,Female,43,35-44,Beauty,1,500,500,150.0,30.0
98,2023-04-23,2023,2,4,April,16,Sunday,1,CUST098,Female,55,55+,Beauty,2,50,100,30.0,30.0
129,2023-04-23,2023,2,4,April,16,Sunday,1,CUST129,Female,21,18-24,Beauty,2,300,600,180.0,30.0
230,2023-04-23,2023,2,4,April,16,Sunday,1,CUST230,Male,54,45-54,Beauty,1,25,25,7.5,30.0
613,2023-04-23,2023,2,4,April,16,Sunday,1,CUST613,Female,52,45-54,Clothing,3,30,90,27.0,30.0
691,2023-04-23,2023,2,4,April,16,Sunday,1,CUST691,Female,51,45-54,Clothing,3,30,90,27.0,30.0
693,2023-04-23,2023,2,4,April,16,Sunday,1,CUST693,Male,41,35-44,Beauty,3,500,1500,450.0,30.0
477,2023-04-24,2023,2,4,April,17,Monday,0,CUST477,Male,43,35-44,Clothing,4,30,120,36.0,30.0
863,2023-04-24,2023,2,4,April,17,Monday,0,CUST863,Female,30,25-34,Electronics,2,25,50,15.0,30.0
6,2023-04-25,2023,2,4,April,17,Tuesday,0,CUST006,Female,45,45-54,Beauty,1,30,30,9.0,30.0
483,2023-04-25,2023,2,4,April,17,Tuesday,0,CUST483,Male,55,55+,Clothing,1,30,30,9.0,30.0
738,2023-04-25,2023,2,4,April,17,Tuesday,0,CUST738,Male,41,35-44,Clothing,2,50,100,30.0,30.0
222,2023-04-26,2023,2,4,April,17,Wednesday,0,CUST222,Male,51,45-54,Clothing,4,30,120,36.0,30.0
588,2023-04-26,2023,2,4,April,17,Wednesday,0,CUST588,Male,38,35-44,Electronics,2,30,60,18.0,30.0
953,2023-04-26,2023,2,4,April,17,Wednesday,0,CUST953,Male,45,45-54,Beauty,3,30,90,27.0,30.0
66,2023-04-27,2023,2,4,April,17,Thursday,0,CUST066,Female,45,45-54,Electronics,1,30,30,9.0,30.0
482,2023-04-27,2023,2,4,April,17,Thursday,0,CUST482,Female,28,25-34,Clothing,4,300,1200,360.0,30.0
903,2023-04-27,2023,2,4,April,17,Thursday,0,CUST903,Female,51,45-54,Beauty,4,50,200,60.0,30.0
102,2023-04-28,2023,2,4,April,17,Friday,0,CUST102,Female,47,45-54,Beauty,2,25,50,15.0,30.0
228,2023-04-28,2023,2,4,April,17,Friday,0,CUST228,Female,59,55+,Electronics,2,30,60,18.0,30.0
236,2023-04-28,2023,2,4,April,17,Friday,0,CUST236,Female,54,45-54,Clothing,1,25,25,7.5,30.0
660,2023-04-29,2023,2,4,April,17,Saturday,1,CUST660,Female,38,35-44,Beauty,2,500,1000,300.0,30.0
884,2023-04-29,2023,2,4,April,17,Saturday,1,CUST884,Female,26,25-34,Clothing,2,30,60,18.0,30.0
987,2023-04-29,2023,2,4,April,17,Saturday,1,CUST987,Female,30,25-34,Clothing,3,300,900,270.0,30.0
18,2023-04-30,2023,2,4,April,17,Sunday,1,CUST018,Female,47,45-54,Electronics,2,25,50,15.0,30.0
69,2023-04-30,2023,2,4,April,17,Sunday,1,CUST069,Female,56,55+,Beauty,3,25,75,22.5,30.0
995,2023-04-30,2023,2,4,April,17,Sunday,1,CUST995,Female,41,35-44,Clothing,1,30,30,9.0,30.0
337,2023-05-01,2023,2,5,May,18,Monday,0,CUST337,Male,38,35-44,Clothing,1,500,500,150.0,30.0
585,2023-05-01,2023,2,5,May,18,Monday,0,CUST585,Female,24,18-24,Clothing,1,25,25,7.5,30.0
652,2023-05-01,2023,2,5,May,18,Monday,0,CUST652,Female,34,25-34,Beauty,2,50,100,30.0,30.0
242,2023-05-02,2023,2,5,May,18,Tuesday,0,CUST242,Male,21,18-24,Clothing,1,25,25,7.5,30.0
293,2023-05-02,2023,2,5,May,18,Tuesday,0,CUST293,Male,50,45-54,Electronics,3,30,90,27.0,30.0
460,2023-05-02,2023,2,5,May,18,Tuesday,0,CUST460,Male,40,35-44,Beauty,1,50,50,15.0,30.0
188,2023-05-03,2023,2,5,May,18,Wednesday,0,CUST188,Male,40,35-44,Clothing,3,25,75,22.5,30.0
357,2023-05-03,2023,2,5,May,18,Wednesday,0,CUST357,Female,40,35-44,Electronics,3,25,75,22.5,30.0
646,2023-05-03,2023,2,5,May,18,Wednesday,0,CUST646,Male,38,35-44,Clothing,3,30,90,27.0,30.0
749,2023-05-03,2023,2,5,May,18,Wednesday,0,CUST749,Male,42,35-44,Beauty,1,30,30,9.0,30.0
974,2023-05-03,2023,2,5,May,18,Wednesday,0,CUST974,Male,47,45-54,Beauty,1,30,30,9.0,30.0
190,2023-05-04,2023,2,5,May,18,Thursday,0,CUST190,Female,60,55+,Beauty,3,30,90,27.0,30.0
849,2023-05-04,2023,2,5,May,18,Thursday,0,CUST849,Male,32,25-34,Clothing,2,25,50,15.0,30.0
853,2023-05-04,2023,2,5,May,18,Thursday,0,CUST853,Male,21,18-24,Beauty,2,500,1000,300.0,30.0
252,2023-05-05,2023,2,5,May,18,Friday,0,CUST252,Male,54,45-54,Electronics,1,300,300,90.0,30.0
606,2023-05-05,2023,2,5,May,18,Friday,0,CUST606,Male,22,18-24,Electronics,1,50,50,15.0,30.0
779,2023-05-05,2023,2,5,May,18,Friday,0,CUST779,Female,56,55+,Electronics,2,500,1000,300.0,30.0
824,2023-05-05,2023,2,5,May,18,Friday,0,CUST824,Male,63,55+,Clothing,4,30,120,36.0,30.0
866,2023-05-05,2023,2,5,May,18,Friday,0,CUST866,Male,24,18-24,Electronics,1,50,50,15.0,30.0
5,2023-05-06,2023,2,5,May,18,Saturday,1,CUST005,Male,30,25-34,Beauty,2,50,100,30.0,30.0
90,2023-05-06,2023,2,5,May,18,Saturday,1,CUST090,Female,51,45-54,Electronics,1,30,30,9.0,30.0
380,2023-05-06,2023,2,5,May,18,Saturday,1,CUST380,Male,56,55+,Electronics,2,300,600,180.0,30.0
593,2023-05-06,2023,2,5,May,18,Saturday,1,CUST593,Male,35,35-44,Electronics,2,30,60,18.0,30.0
820,2023-05-06,2023,2,5,May,18,Saturday,1,CUST820,Male,49,45-54,Electronics,4,50,200,60.0,30.0
120,2023-05-07,2023,2,5,May,18,Sunday,1,CUST120,Male,60,55+,Beauty,1,50,50,15.0,30.0
221,2023-05-07,2023,2,5,May,18,Sunday,1,CUST221,Male,39,35-44,Beauty,2,300,600,180.0,30.0
341,2023-05-07,2023,2,5,May,18,Sunday,1,CUST341,Male,31,25-34,Clothing,4,50,200,60.0,30.0
640,2023-05-07,2023,2,5,May,18,Sunday,1,CUST640,Female,51,45-54,Electronics,4,30,120,36.0,30.0
744,2023-05-07,2023,2,5,May,18,Sunday,1,CUST744,Male,40,35-44,Electronics,1,25,25,7.5,30.0
273,2023-05-08,2023,2,5,May,19,Monday,0,CUST273,Female,22,18-24,Beauty,1,50,50,15.0,30.0
283,2023-05-08,2023,2,5,May,19,Monday,0,CUST283,Female,18,18-24,Electronics,1,500,500,150.0,30.0
452,2023-05-08,2023,2,5,May,19,Monday,0,CUST452,Female,48,45-54,Clothing,3,500,1500,450.0,30.0
469,2023-05-08,2023,2,5,May,19,Monday,0,CUST469,Male,18,18-24,Beauty,3,25,75,22.5,30.0
620,2023-05-08,2023,2,5,May,19,Monday,0,CUST620,Male,63,55+,Electronics,3,25,75,22.5,30.0
946,2023-05-08,2023,2,5,May,19,Monday,0,CUST946,Male,62,55+,Electronics,4,500,2000,600.0,30.0
148,2023-05-09,2023,2,5,May,19,Tuesday,0,CUST148,Male,18,18-24,Clothing,2,30,60,18.0,30.0
414,2023-05-09,2023,2,5,May,19,Tuesday,0,CUST414,Male,48,45-54,Beauty,4,25,100,30.0,30.0
883,2023-05-09,2023,2,5,May,19,Tuesday,0,CUST883,Male,40,35-44,Electronics,1,500,500,150.0,30.0
731,2023-05-10,2023,2,5,May,19,Wednesday,0,CUST731,Male,54,45-54,Clothing,4,500,2000,600.0,30.0
930,2023-05-10,2023,2,5,May,19,Wednesday,0,CUST930,Male,54,45-54,Clothing,4,50,200,60.0,30.0
518,2023-05-11,2023,2,5,May,19,Thursday,0,CUST518,Female,40,35-44,Clothing,1,30,30,9.0,30.0
758,2023-05-12,2023,2,5,May,19,Friday,0,CUST758,Male,64,55+,Clothing,4,25,100,30.0,30.0
639,2023-05-13,2023,2,5,May,19,Saturday,1,CUST639,Female,62,55+,Beauty,4,50,200,60.0,30.0
838,2023-05-13,2023,2,5,May,19,Saturday,1,CUST838,Male,47,45-54,Electronics,2,300,600,180.0,30.0
353,2023-05-14,2023,2,5,May,19,Sunday,1,CUST353,Male,31,25-34,Electronics,1,500,500,150.0,30.0
501,2023-05-14,2023,2,5,May,19,Sunday,1,CUST501,Male,39,35-44,Electronics,2,30,60,18.0,30.0
721,2023-05-14,2023,2,5,May,19,Sunday,1,CUST721,Female,52,45-54,Clothing,1,500,500,150.0,30.0
123,2023-05-15,2023,2,5,May,20,Monday,0,CUST123,Female,40,35-44,Electronics,2,30,60,18.0,30.0
164,2023-05-15,2023,2,5,May,20,Monday,0,CUST164,Female,47,45-54,Beauty,3,500,1500,450.0,30.0
425,2023-05-15,2023,2,5,May,20,Monday,0,CUST425,Female,55,55+,Electronics,4,30,120,36.0,30.0
48,2023-05-16,2023,2,5,May,20,Tuesday,0,CUST048,Male,54,45-54,Electronics,3,300,900,270.0,30.0
118,2023-05-16,2023,2,5,May,20,Tuesday,0,CUST118,Female,30,25-34,Electronics,4,500,2000,600.0,30.0
203,2023-05-16,2023,2,5,May,20,Tuesday,0,CUST203,Male,56,55+,Clothing,2,500,1000,300.0,30.0
305,2023-05-16,2023,2,5,May,20,Tuesday,0,CUST305,Female,18,18-24,Beauty,1,30,30,9.0,30.0
358,2023-05-16,2023,2,5,May,20,Tuesday,0,CUST358,Female,32,25-34,Beauty,1,300,300,90.0,30.0
376,2023-05-16,2023,2,5,May,20,Tuesday,0,CUST376,Female,64,55+,Beauty,1,30,30,9.0,30.0
398,2023-05-16,2023,2,5,May,20,Tuesday,0,CUST398,Female,48,45-54,Clothing,2,300,600,180.0,30.0
411,2023-05-16,2023,2,5,May,20,Tuesday,0,CUST411,Male,62,55+,Electronics,4,50,200,60.0,30.0
504,2023-05-16,2023,2,5,May,20,Tuesday,0,CUST504,Female,38,35-44,Beauty,3,50,150,45.0,30.0
970,2023-05-16,2023,2,5,May,20,Tuesday,0,CUST970,Male,59,55+,Electronics,4,500,2000,600.0,30.0
996,2023-05-16,2023,2,5,May,20,Tuesday,0,CUST996,Male,62,55+,Clothing,1,50,50,15.0,30.0
81,2023-05-17,2023,2,5,May,20,Wednesday,0,CUST081,Male,40,35-44,Electronics,1,50,50,15.0,30.0
155,2023-05-17,2023,2,5,May,20,Wednesday,0,CUST155,Male,31,25-34,Electronics,4,500,2000,600.0,30.0
470,2023-05-17,2023,2,5,May,20,Wednesday,0,CUST470,Female,57,55+,Clothing,2,500,1000,300.0,30.0
106,2023-05-18,2023,2,5,May,20,Thursday,0,CUST106,Female,46,45-54,Clothing,1,50,50,15.0,30.0
818,2023-05-18,2023,2,5,May,20,Thursday,0,CUST818,Male,30,25-34,Electronics,1,500,500,150.0,30.0
94,2023-05-19,2023,2,5,May,20,Friday,0,CUST094,Female,47,45-54,Beauty,2,500,1000,300.0,30.0
811,2023-05-19,2023,2,5,May,20,Friday,0,CUST811,Male,61,55+,Beauty,2,25,50,15.0,30.0
881,2023-05-19,2023,2,5,May,20,Friday,0,CUST881,Male,22,18-24,Electronics,1,300,300,90.0,30.0
403,2023-05-20,2023,2,5,May,20,Saturday,1,CUST403,Male,32,25-34,Clothing,2,300,600,180.0,30.0
653,2023-05-20,2023,2,5,May,20,Saturday,1,CUST653,Male,54,45-54,Clothing,3,25,75,22.5,30.0
694,2023-05-20,2023,2,5,May,20,Saturday,1,CUST694,Female,39,35-44,Electronics,2,25,50,15.0,30.0
4,2023-05-21,2023,2,5,May,20,Sunday,1,CUST004,Male,37,35-44,Clothing,1,500,500,150.0,30.0
647,2023-05-21,2023,2,5,May,20,Sunday,1,CUST647,Male,59,55+,Clothing,3,500,1500,450.0,30.0
911,2023-05-21,2023,2,5,May,20,Sunday,1,CUST911,Male,42,35-44,Electronics,3,300,900,270.0,30.0
419,2023-05-22,2023,2,5,May,21,Monday,0,CUST419,Female,44,35-44,Clothing,3,30,90,27.0,30.0
642,2023-05-22,2023,2,5,May,21,Monday,0,CUST642,Female,54,45-54,Clothing,4,25,100,30.0,30.0
843,2023-05-22,2023,2,5,May,21,Monday,0,CUST843,Male,21,18-24,Beauty,3,500,1500,450.0,30.0
895,2023-05-22,2023,2,5,May,21,Monday,0,CUST895,Female,55,55+,Clothing,4,30,120,36.0,30.0
31,2023-05-23,2023,2,5,May,21,Tuesday,0,CUST031,Male,44,35-44,Electronics,4,300,1200,360.0,30.0
37,2023-05-23,2023,2,5,May,21,Tuesday,0,CUST037,Female,18,18-24,Beauty,3,25,75,22.5,30.0
72,2023-05-23,2023,2,5,May,21,Tuesday,0,CUST072,Female,20,18-24,Electronics,4,500,2000,600.0,30.0
243,2023-05-23,2023,2,5,May,21,Tuesday,0,CUST243,Female,47,45-54,Electronics,3,300,900,270.0,30.0
281,2023-05-23,2023,2,5,May,21,Tuesday,0,CUST281,Female,29,25-34,Beauty,4,500,2000,600.0,30.0
489,2023-05-23,2023,2,5,May,21,Tuesday,0,CUST489,Male,44,35-44,Electronics,1,30,30,9.0,30.0
491,2023-05-23,2023,2,5,May,21,Tuesday,0,CUST491,Female,60,55+,Electronics,3,300,900,270.0,30.0
729,2023-05-23,2023,2,5,May,21,Tuesday,0,CUST729,Male,29,25-34,Clothing,4,300,1200,360.0,30.0
822,2023-05-23,2023,2,5,May,21,Tuesday,0,CUST822,Female,52,45-54,Beauty,3,50,150,45.0,30.0
840,2023-05-24,2023,2,5,May,21,Wednesday,0,CUST840,Male,62,55+,Clothing,2,25,50,15.0,30.0
404,2023-05-25,2023,2,5,May,21,Thursday,0,CUST404,Male,46,45-54,Electronics,2,500,1000,300.0,30.0
899,2023-05-25,2023,2,5,May,21,Thursday,0,CUST899,Male,26,25-34,Clothing,2,300,600,180.0,30.0
990,2023-05-25,2023,2,5,May,21,Thursday,0,CUST990,Female,58,55+,Beauty,2,500,1000,300.0,30.0
382,2023-05-26,2023,2,5,May,21,Friday,0,CUST382,Female,53,45-54,Clothing,2,500,1000,300.0,30.0
578,2023-05-26,2023,2,5,May,21,Friday,0,CUST578,Female,54,45-54,Clothing,4,30,120,36.0,30.0
923,2023-05-26,2023,2,5,May,21,Friday,0,CUST923,Male,32,25-34,Beauty,3,300,900,270.0,30.0
307,2023-05-27,2023,2,5,May,21,Saturday,1,CUST307,Female,26,25-34,Electronics,2,25,50,15.0,30.0
561,2023-05-27,2023,2,5,May,21,Saturday,1,CUST561,Female,64,55+,Clothing,4,500,2000,600.0,30.0
651,2023-05-27,2023,2,5,May,21,Saturday,1,CUST651,Male,51,45-54,Clothing,3,50,150,45.0,30.0
988,2023-05-28,2023,2,5,May,21,Sunday,1,CUST988,Female,63,55+,Clothing,3,25,75,22.5,30.0
67,2023-05-29,2023,2,5,May,22,Monday,0,CUST067,Female,48,45-54,Beauty,4,300,1200,360.0,30.0
915,2023-05-30,2023,2,5,May,22,Tuesday,0,CUST915,Female,26,25-34,Beauty,3,30,90,27.0,30.0
985,2023-05-30,2023,2,5,May,22,Tuesday,0,CUST985,Female,19,18-24,Electronics,2,25,50,15.0,30.0
56,2023-05-31,2023,2,5,May,22,Wednesday,0,CUST056,Female,26,25-34,Clothing,3,300,900,270.0,30.0
159,2023-05-31,2023,2,5,May,22,Wednesday,0,CUST159,Male,26,25-34,Clothing,4,50,200,60.0,30.0
862,2023-05-31,2023,2,5,May,22,Wednesday,0,CUST862,Male,28,25-34,Electronics,4,300,1200,360.0,30.0
315,2023-06-01,2023,2,6,June,22,Thursday,0,CUST315,Male,47,45-54,Clothing,2,30,60,18.0,30.0
545,2023-06-01,2023,2,6,June,22,Thursday,0,CUST545,Male,27,25-34,Clothing,2,25,50,15.0,30.0
902,2023-06-01,2023,2,6,June,22,Thursday,0,CUST902,Female,54,45-54,Beauty,1,50,50,15.0,30.0
170,2023-06-02,2023,2,6,June,22,Friday,0,CUST170,Female,25,25-34,Clothing,2,25,50,15.0,30.0
685,2023-06-02,2023,2,6,June,22,Friday,0,CUST685,Male,57,55+,Electronics,2,25,50,15.0,30.0
958,2023-06-02,2023,2,6,June,22,Friday,0,CUST958,Male,62,55+,Electronics,2,25,50,15.0,30.0
363,2023-06-03,2023,2,6,June,22,Saturday,1,CUST363,Male,64,55+,Beauty,1,25,25,7.5,30.0
394,2023-06-03,2023,2,6,June,22,Saturday,1,CUST394,Female,27,25-34,Clothing,1,500,500,150.0,30.0
537,2023-06-03,2023,2,6,June,22,Saturday,1,CUST537,Female,21,18-24,Beauty,1,500,500,150.0,30.0
387,2023-06-04,2023,2,6,June,22,Sunday,1,CUST387,Male,44,35-44,Beauty,1,30,30,9.0,30.0
556,2023-06-04,2023,2,6,June,22,Sunday,1,CUST556,Female,18,18-24,Electronics,1,50,50,15.0,30.0
782,2023-06-04,2023,2,6,June,22,Sunday,1,CUST782,Male,59,55+,Clothing,3,300,900,270.0,30.0
906,2023-06-04,2023,2,6,June,22,Sunday,1,CUST906,Female,20,18-24,Clothing,1,50,50,15.0,30.0
560,2023-06-05,2023,2,6,June,23,Monday,0,CUST560,Female,25,25-34,Electronics,1,50,50,15.0,30.0
944,2023-06-05,2023,2,6,June,23,Monday,0,CUST944,Male,44,35-44,Clothing,2,25,50,15.0,30.0
481,2023-06-06,2023,2,6,June,23,Tuesday,0,CUST481,Female,43,35-44,Electronics,4,300,1200,360.0,30.0
867,2023-06-06,2023,2,6,June,23,Tuesday,0,CUST867,Male,21,18-24,Electronics,1,500,500,150.0,30.0
882,2023-06-06,2023,2,6,June,23,Tuesday,0,CUST882,Female,64,55+,Electronics,2,25,50,15.0,30.0
961,2023-06-06,2023,2,6,June,23,Tuesday,0,CUST961,Male,53,45-54,Beauty,4,50,200,60.0,30.0
187,2023-06-07,2023,2,6,June,23,Wednesday,0,CUST187,Female,64,55+,Clothing,2,50,100,30.0,30.0
446,2023-06-07,2023,2,6,June,23,Wednesday,0,CUST446,Male,21,18-24,Electronics,1,50,50,15.0,30.0
539,2023-06-08,2023,2,6,June,23,Thursday,0,CUST539,Male,25,25-34,Beauty,1,500,500,150.0,30.0
587,2023-06-08,2023,2,6,June,23,Thursday,0,CUST587,Female,40,35-44,Beauty,4,300,1200,360.0,30.0
212,2023-06-09,2023,2,6,June,23,Friday,0,CUST212,Male,21,18-24,Clothing,3,500,1500,450.0,30.0
765,2023-06-09,2023,2,6,June,23,Friday,0,CUST765,Male,43,35-44,Clothing,4,50,200,60.0,30.0
769,2023-06-09,2023,2,6,June,23,Friday,0,CUST769,Female,31,25-34,Electronics,4,30,120,36.0,30.0
321,2023-06-10,2023,2,6,June,23,Saturday,1,CUST321,Female,26,25-34,Electronics,2,25,50,15.0,30.0
356,2023-06-10,2023,2,6,June,23,Saturday,1,CUST356,Male,50,45-54,Electronics,3,500,1500,450.0,30.0
510,2023-06-10,2023,2,6,June,23,Saturday,1,CUST510,Female,39,35-44,Beauty,4,50,200,60.0,30.0
534,2023-06-10,2023,2,6,June,23,Saturday,1,CUST534,Male,45,45-54,Clothing,2,500,1000,300.0,30.0
104,2023-06-11,2023,2,6,June,23,Sunday,1,CUST104,Female,34,25-34,Beauty,2,500,1000,300.0,30.0
110,2023-06-11,2023,2,6,June,23,Sunday,1,CUST110,Male,27,25-34,Clothing,3,300,900,270.0,30.0
352,2023-06-11,2023,2,6,June,23,Sunday,1,CUST352,Male,57,55+,Electronics,2,500,1000,300.0,30.0
365,2023-06-11,2023,2,6,June,23,Sunday,1,CUST365,Male,31,25-34,Clothing,1,300,300,90.0,30.0
887,2023-06-11,2023,2,6,June,23,Sunday,1,CUST887,Male,59,55+,Clothing,4,25,100,30.0,30.0
629,2023-06-12,2023,2,6,June,24,Monday,0,CUST629,Male,62,55+,Electronics,2,25,50,15.0,30.0
655,2023-06-13,2023,2,6,June,24,Tuesday,0,CUST655,Female,55,55+,Clothing,1,500,500,150.0,30.0
567,2023-06-14,2023,2,6,June,24,Wednesday,0,CUST567,Female,25,25-34,Clothing,3,300,900,270.0,30.0
182,2023-06-15,2023,2,6,June,24,Thursday,0,CUST182,Male,62,55+,Beauty,4,30,120,36.0,30.0
819,2023-06-15,2023,2,6,June,24,Thursday,0,CUST819,Female,35,35-44,Beauty,2,50,100,30.0,30.0
100,2023-06-16,2023,2,6,June,24,Friday,0,CUST100,Male,41,35-44,Electronics,1,30,30,9.0,30.0
833,2023-06-16,2023,2,6,June,24,Friday,0,CUST833,Male,42,35-44,Beauty,4,50,200,60.0,30.0
542,2023-06-17,2023,2,6,June,24,Saturday,1,CUST542,Female,20,18-24,Beauty,1,50,50,15.0,30.0
723,2023-06-17,2023,2,6,June,24,Saturday,1,CUST723,Female,54,45-54,Beauty,4,50,200,60.0,30.0
726,2023-06-17,2023,2,6,June,24,Saturday,1,CUST726,Male,47,45-54,Clothing,4,300,1200,360.0,30.0
488,2023-06-18,2023,2,6,June,24,Sunday,1,CUST488,Female,51,45-54,Electronics,3,300,900,270.0,30.0
239,2023-06-19,2023,2,6,June,25,Monday,0,CUST239,Male,38,35-44,Electronics,3,500,1500,450.0,30.0
498,2023-06-19,2023,2,6,June,25,Monday,0,CUST498,Female,50,45-54,Clothing,4,25,100,30.0,30.0
532,2023-06-19,2023,2,6,June,25,Monday,0,CUST532,Female,64,55+,Clothing,4,30,120,36.0,30.0
669,2023-06-19,2023,2,6,June,25,Monday,0,CUST669,Male,24,18-24,Beauty,4,300,1200,360.0,30.0
877,2023-06-19,2023,2,6,June,25,Monday,0,CUST877,Female,58,55+,Clothing,1,25,25,7.5,30.0
422,2023-06-20,2023,2,6,June,25,Tuesday,0,CUST422,Female,28,25-34,Clothing,3,30,90,27.0,30.0
466,2023-06-20,2023,2,6,June,25,Tuesday,0,CUST466,Male,63,55+,Electronics,4,25,100,30.0,30.0
583,2023-06-21,2023,2,6,June,25,Wednesday,0,CUST583,Female,24,18-24,Electronics,4,25,100,30.0,30.0
654,2023-06-21,2023,2,6,June,25,Wednesday,0,CUST654,Male,42,35-44,Clothing,3,25,75,22.5,30.0
40,2023-06-22,2023,2,6,June,25,Thursday,0,CUST040,Male,45,45-54,Beauty,1,50,50,15.0,30.0
699,2023-06-22,2023,2,6,June,25,Thursday,0,CUST699,Female,37,35-44,Clothing,4,30,120,36.0,30.0
727,2023-06-22,2023,2,6,June,25,Thursday,0,CUST727,Male,55,55+,Beauty,3,300,900,270.0,30.0
830,2023-06-22,2023,2,6,June,25,Thursday,0,CUST830,Female,64,55+,Clothing,3,50,150,45.0,30.0
224,2023-06-23,2023,2,6,June,25,Friday,0,CUST224,Female,25,25-34,Clothing,1,50,50,15.0,30.0
271,2023-06-23,2023,2,6,June,25,Friday,0,CUST271,Female,62,55+,Beauty,4,30,120,36.0,30.0
36,2023-06-24,2023,2,6,June,25,Saturday,1,CUST036,Male,52,45-54,Beauty,3,300,900,270.0,30.0
157,2023-06-24,2023,2,6,June,25,Saturday,1,CUST157,Male,62,55+,Electronics,4,500,2000,600.0,30.0
796,2023-06-24,2023,2,6,June,25,Saturday,1,CUST796,Male,43,35-44,Beauty,4,30,120,36.0,30.0
839,2023-06-24,2023,2,6,June,25,Saturday,1,CUST839,Female,20,18-24,Electronics,4,300,1200,360.0,30.0
927,2023-06-24,2023,2,6,June,25,Saturday,1,CUST927,Male,43,35-44,Electronics,4,500,2000,600.0,30.0
407,2023-06-25,2023,2,6,June,25,Sunday,1,CUST407,Female,46,45-54,Electronics,3,300,900,270.0,30.0
46,2023-06-26,2023,2,6,June,26,Monday,0,CUST046,Female,20,18-24,Electronics,4,300,1200,360.0,30.0
509,2023-06-26,2023,2,6,June,26,Monday,0,CUST509,Female,37,35-44,Electronics,3,300,900,270.0,30.0
874,2023-06-26,2023,2,6,June,26,Monday,0,CUST874,Male,60,55+,Beauty,1,30,30,9.0,30.0
788,2023-06-27,2023,2,6,June,26,Tuesday,0,CUST788,Female,52,45-54,Beauty,3,300,900,270.0,30.0
378,2023-06-28,2023,2,6,June,26,Wednesday,0,CUST378,Male,50,45-54,Beauty,1,300,300,90.0,30.0
480,2023-06-29,2023,2,6,June,26,Thursday,0,CUST480,Female,42,35-44,Beauty,4,500,2000,600.0,30.0
492,2023-06-29,2023,2,6,June,26,Thursday,0,CUST492,Male,61,55+,Beauty,4,25,100,30.0,30.0
737,2023-06-29,2023,2,6,June,26,Thursday,0,CUST737,Female,33,25-34,Clothing,1,50,50,15.0,30.0
684,2023-06-30,2023,2,6,June,26,Friday,0,CUST684,Female,28,25-34,Clothing,2,500,1000,300.0,30.0
878,2023-06-30,2023,2,6,June,26,Friday,0,CUST878,Female,20,18-24,Clothing,1,30,30,9.0,30.0
78,2023-07-01,2023,3,7,July,26,Saturday,1,CUST078,Female,47,45-54,Clothing,3,500,1500,450.0,30.0
260,2023-07-01,2023,3,7,July,26,Saturday,1,CUST260,Male,28,25-34,Beauty,2,30,60,18.0,30.0
455,2023-07-01,2023,3,7,July,26,Saturday,1,CUST455,Male,31,25-34,Electronics,4,25,100,30.0,30.0
837,2023-07-01,2023,3,7,July,26,Saturday,1,CUST837,Male,18,18-24,Beauty,3,30,90,27.0,30.0
45,2023-07-03,2023,3,7,July,27,Monday,0,CUST045,Female,55,55+,Electronics,1,30,30,9.0,30.0
449,2023-07-03,2023,3,7,July,27,Monday,0,CUST449,Male,25,25-34,Electronics,4,50,200,60.0,30.0
904,2023-07-04,2023,3,7,July,27,Tuesday,0,CUST904,Male,28,25-34,Clothing,1,500,500,150.0,30.0
59,2023-07-05,2023,3,7,July,27,Wednesday,0,CUST059,Male,62,55+,Clothing,1,50,50,15.0,30.0
128,2023-07-05,2023,3,7,July,27,Wednesday,0,CUST128,Male,25,25-34,Beauty,1,500,500,150.0,30.0
186,2023-07-05,2023,3,7,July,27,Wednesday,0,CUST186,Male,20,18-24,Clothing,4,50,200,60.0,30.0
802,2023-07-05,2023,3,7,July,27,Wednesday,0,CUST802,Female,46,45-54,Beauty,1,30,30,9.0,30.0
75,2023-07-06,2023,3,7,July,27,Thursday,0,CUST075,Male,61,55+,Beauty,4,50,200,60.0,30.0
447,2023-07-06,2023,3,7,July,27,Thursday,0,CUST447,Male,22,18-24,Beauty,4,500,2000,600.0,30.0
528,2023-07-06,2023,3,7,July,27,Thursday,0,CUST528,Female,36,35-44,Clothing,2,30,60,18.0,30.0
759,2023-07-08,2023,3,7,July,27,Saturday,1,CUST759,Male,49,45-54,Electronics,2,50,100,30.0,30.0
870,2023-07-08,2023,3,7,July,27,Saturday,1,CUST870,Female,46,45-54,Electronics,4,30,120,36.0,30.0
77,2023-07-09,2023,3,7,July,27,Sunday,1,CUST077,Female,47,45-54,Clothing,2,50,100,30.0,30.0
381,2023-07-09,2023,3,7,July,27,Sunday,1,CUST381,Female,44,35-44,Clothing,4,25,100,30.0,30.0
439,2023-07-09,2023,3,7,July,27,Sunday,1,CUST439,Male,50,45-54,Clothing,3,25,75,22.5,30.0
792,2023-07-09,2023,3,7,July,27,Sunday,1,CUST792,Female,20,18-24,Beauty,1,50,50,15.0,30.0
176,2023-07-11,2023,3,7,July,28,Tuesday,0,CUST176,Female,43,35-44,Beauty,2,50,100,30.0,30.0
216,2023-07-11,2023,3,7,July,28,Tuesday,0,CUST216,Male,62,55+,Electronics,2,50,100,30.0,30.0
772,2023-07-12,2023,3,7,July,28,Wednesday,0,CUST772,Male,26,25-34,Electronics,1,30,30,9.0,30.0
53,2023-07-13,2023,3,7,July,28,Thursday,0,CUST053,Male,34,25-34,Electronics,2,50,100,30.0,30.0
43,2023-07-14,2023,3,7,July,28,Friday,0,CUST043,Female,48,45-54,Clothing,1,300,300,90.0,30.0
71,2023-07-14,2023,3,7,July,28,Friday,0,CUST071,Female,51,45-54,Beauty,4,25,100,30.0,30.0
93,2023-07-14,2023,3,7,July,28,Friday,0,CUST093,Female,35,35-44,Beauty,4,500,2000,600.0,30.0
302,2023-07-14,2023,3,7,July,28,Friday,0,CUST302,Male,57,55+,Beauty,2,300,600,180.0,30.0
551,2023-07-14,2023,3,7,July,28,Friday,0,CUST551,Male,45,45-54,Electronics,3,300,900,270.0,30.0
681,2023-07-14,2023,3,7,July,28,Friday,0,CUST681,Female,43,35-44,Electronics,2,30,60,18.0,30.0
722,2023-07-14,2023,3,7,July,28,Friday,0,CUST722,Male,20,18-24,Beauty,3,300,900,270.0,30.0
728,2023-07-14,2023,3,7,July,28,Friday,0,CUST728,Male,51,45-54,Electronics,3,50,150,45.0,30.0
829,2023-07-14,2023,3,7,July,28,Friday,0,CUST829,Male,61,55+,Beauty,3,30,90,27.0,30.0
955,2023-07-14,2023,3,7,July,28,Friday,0,CUST955,Male,58,55+,Clothing,1,25,25,7.5,30.0
144,2023-07-15,2023,3,7,July,28,Saturday,1,CUST144,Female,59,55+,Beauty,3,500,1500,450.0,30.0
474,2023-07-15,2023,3,7,July,28,Saturday,1,CUST474,Female,26,25-34,Clothing,3,500,1500,450.0,30.0
603,2023-07-16,2023,3,7,July,28,Sunday,1,CUST603,Female,40,35-44,Clothing,3,30,90,27.0,30.0
661,2023-07-16,2023,3,7,July,28,Sunday,1,CUST661,Female,44,35-44,Clothing,4,25,100,30.0,30.0
143,2023-07-17,2023,3,7,July,29,Monday,0,CUST143,Female,45,45-54,Clothing,1,50,50,15.0,30.0
515,2023-07-17,2023,3,7,July,29,Monday,0,CUST515,Female,49,45-54,Clothing,3,300,900,270.0,30.0
304,2023-07-19,2023,3,7,July,29,Wednesday,0,CUST304,Female,37,35-44,Electronics,2,30,60,18.0,30.0
676,2023-07-19,2023,3,7,July,29,Wednesday,0,CUST676,Male,63,55+,Electronics,3,500,1500,450.0,30.0
686,2023-07-19,2023,3,7,July,29,Wednesday,0,CUST686,Female,28,25-34,Electronics,4,50,200,60.0,30.0
698,2023-07-19,2023,3,7,July,29,Wednesday,0,CUST698,Female,64,55+,Electronics,1,300,300,90.0,30.0
709,2023-07-21,2023,3,7,July,29,Friday,0,CUST709,Female,19,18-24,Electronics,2,500,1000,300.0,30.0
114,2023-07-22,2023,3,7,July,29,Saturday,1,CUST114,Female,22,18-24,Beauty,4,25,100,30.0,30.0
359,2023-07-22,2023,3,7,July,29,Saturday,1,CUST359,Male,50,45-54,Clothing,1,50,50,15.0,30.0
773,2023-07-23,2023,3,7,July,29,Sunday,1,CUST773,Male,25,25-34,Electronics,4,500,2000,600.0,30.0
127,2023-07-24,2023,3,7,July,30,Monday,0,CUST127,Female,33,25-34,Clothing,2,25,50,15.0,30.0
213,2023-07-24,2023,3,7,July,30,Monday,0,CUST213,Male,27,25-34,Beauty,3,500,1500,450.0,30.0
487,2023-07-24,2023,3,7,July,30,Monday,0,CUST487,Male,44,35-44,Clothing,4,500,2000,600.0,30.0
495,2023-07-24,2023,3,7,July,30,Monday,0,CUST495,Male,24,18-24,Beauty,2,30,60,18.0,30.0
605,2023-07-24,2023,3,7,July,30,Monday,0,CUST605,Male,37,35-44,Electronics,2,500,1000,300.0,30.0
105,2023-07-25,2023,3,7,July,30,Tuesday,0,CUST105,Female,22,18-24,Electronics,1,500,500,150.0,30.0
299,2023-07-25,2023,3,7,July,30,Tuesday,0,CUST299,Male,61,55+,Electronics,2,500,1000,300.0,30.0
934,2023-07-25,2023,3,7,July,30,Tuesday,0,CUST934,Male,30,25-34,Beauty,1,500,500,150.0,30.0
270,2023-07-26,2023,3,7,July,30,Wednesday,0,CUST270,Male,43,35-44,Electronics,1,300,300,90.0,30.0
338,2023-07-26,2023,3,7,July,30,Wednesday,0,CUST338,Male,54,45-54,Beauty,2,50,100,30.0,30.0
543,2023-07-26,2023,3,7,July,30,Wednesday,0,CUST543,Male,49,45-54,Beauty,2,300,600,180.0,30.0
557,2023-07-27,2023,3,7,July,30,Thursday,0,CUST557,Female,20,18-24,Beauty,3,30,90,27.0,30.0
702,2023-07-27,2023,3,7,July,30,Thursday,0,CUST702,Female,60,55+,Clothing,2,300,600,180.0,30.0
864,2023-07-27,2023,3,7,July,30,Thursday,0,CUST864,Female,51,45-54,Electronics,1,500,500,150.0,30.0
254,2023-07-28,2023,3,7,July,30,Friday,0,CUST254,Male,41,35-44,Electronics,1,500,500,150.0,30.0
295,2023-07-28,2023,3,7,July,30,Friday,0,CUST295,Female,27,25-34,Beauty,3,300,900,270.0,30.0
457,2023-07-28,2023,3,7,July,30,Friday,0,CUST457,Female,58,55+,Beauty,3,300,900,270.0,30.0
668,2023-07-28,2023,3,7,July,30,Friday,0,CUST668,Female,62,55+,Electronics,3,50,150,45.0,30.0
850,2023-07-28,2023,3,7,July,30,Friday,0,CUST850,Female,26,25-34,Beauty,2,500,1000,300.0,30.0
541,2023-07-29,2023,3,7,July,30,Saturday,1,CUST541,Male,56,55+,Beauty,1,500,500,150.0,30.0
980,2023-07-29,2023,3,7,July,30,Saturday,1,CUST980,Female,31,25-34,Electronics,3,25,75,22.5,30.0
262,2023-07-30,2023,3,7,July,30,Sunday,1,CUST262,Female,32,25-34,Beauty,4,30,120,36.0,30.0
467,2023-07-30,2023,3,7,July,30,Sunday,1,CUST467,Female,53,45-54,Electronics,3,50,150,45.0,30.0
463,2023-07-31,2023,3,7,July,31,Monday,0,CUST463,Female,54,45-54,Beauty,3,500,1500,450.0,30.0
598,2023-08-01,2023,3,8,August,31,Tuesday,0,CUST598,Male,37,35-44,Beauty,4,30,120,36.0,30.0
667,2023-08-01,2023,3,8,August,31,Tuesday,0,CUST667,Female,29,25-34,Electronics,1,500,500,150.0,30.0
672,2023-08-01,2023,3,8,August,31,Tuesday,0,CUST672,Female,34,25-34,Beauty,2,50,100,30.0,30.0
949,2023-08-02,2023,3,8,August,31,Wednesday,0,CUST949,Female,41,35-44,Electronics,2,25,50,15.0,30.0
27,2023-08-03,2023,3,8,August,31,Thursday,0,CUST027,Female,38,35-44,Beauty,2,25,50,15.0,30.0
347,2023-08-03,2023,3,8,August,31,Thursday,0,CUST347,Male,42,35-44,Electronics,1,25,25,7.5,30.0
687,2023-08-03,2023,3,8,August,31,Thursday,0,CUST687,Female,53,45-54,Electronics,1,300,300,90.0,30.0
549,2023-08-04,2023,3,8,August,31,Friday,0,CUST549,Female,50,45-54,Beauty,2,50,100,30.0,30.0
675,2023-08-04,2023,3,8,August,31,Friday,0,CUST675,Female,45,45-54,Clothing,2,30,60,18.0,30.0
730,2023-08-04,2023,3,8,August,31,Friday,0,CUST730,Female,36,35-44,Clothing,2,25,50,15.0,30.0
798,2023-08-04,2023,3,8,August,31,Friday,0,CUST798,Male,61,55+,Clothing,1,50,50,15.0,30.0
13,2023-08-05,2023,3,8,August,31,Saturday,1,CUST013,Male,22,18-24,Electronics,3,500,1500,450.0,30.0
35,2023-08-05,2023,3,8,August,31,Saturday,1,CUST035,Female,58,55+,Beauty,3,300,900,270.0,30.0
140,2023-08-05,2023,3,8,August,31,Saturday,1,CUST140,Male,38,35-44,Electronics,1,30,30,9.0,30.0
206,2023-08-05,2023,3,8,August,31,Saturday,1,CUST206,Male,61,55+,Clothing,1,25,25,7.5,30.0
261,2023-08-05,2023,3,8,August,31,Saturday,1,CUST261,Male,21,18-24,Clothing,2,25,50,15.0,30.0
279,2023-08-05,2023,3,8,August,31,Saturday,1,CUST279,Male,50,45-54,Clothing,1,500,500,150.0,30.0
308,2023-08-05,2023,3,8,August,31,Saturday,1,CUST308,Female,34,25-34,Beauty,4,300,1200,360.0,30.0
418,2023-08-05,2023,3,8,August,31,Saturday,1,CUST418,Female,60,55+,Electronics,2,500,1000,300.0,30.0
612,2023-08-06,2023,3,8,August,31,Sunday,1,CUST612,Female,61,55+,Electronics,1,500,500,150.0,30.0
875,2023-08-06,2023,3,8,August,31,Sunday,1,CUST875,Female,51,45-54,Electronics,4,500,2000,600.0,30.0
430,2023-08-07,2023,3,8,August,32,Monday,0,CUST430,Female,43,35-44,Electronics,3,300,900,270.0,30.0
633,2023-08-07,2023,3,8,August,32,Monday,0,CUST633,Male,39,35-44,Beauty,4,30,120,36.0,30.0
125,2023-08-08,2023,3,8,August,32,Tuesday,0,CUST125,Male,48,45-54,Clothing,2,50,100,30.0,30.0
716,2023-08-08,2023,3,8,August,32,Tuesday,0,CUST716,Female,60,55+,Clothing,4,300,1200,360.0,30.0
790,2023-08-08,2023,3,8,August,32,Tuesday,0,CUST790,Male,62,55+,Clothing,1,25,25,7.5,30.0
960,2023-08-08,2023,3,8,August,32,Tuesday,0,CUST960,Male,59,55+,Clothing,2,30,60,18.0,30.0
259,2023-08-09,2023,3,8,August,32,Wednesday,0,CUST259,Female,45,45-54,Clothing,4,50,200,60.0,30.0
443,2023-08-09,2023,3,8,August,32,Wednesday,0,CUST443,Male,29,25-34,Clothing,2,300,600,180.0,30.0
529,2023-08-09,2023,3,8,August,32,Wednesday,0,CUST529,Female,35,35-44,Clothing,3,50,150,45.0,30.0
563,2023-08-09,2023,3,8,August,32,Wednesday,0,CUST563,Male,20,18-24,Clothing,2,30,60,18.0,30.0
801,2023-08-10,2023,3,8,August,32,Thursday,0,CUST801,Male,21,18-24,Clothing,4,50,200,60.0,30.0
160,2023-08-11,2023,3,8,August,32,Friday,0,CUST160,Female,43,35-44,Clothing,2,50,100,30.0,30.0
508,2023-08-11,2023,3,8,August,32,Friday,0,CUST508,Male,58,55+,Beauty,2,300,600,180.0,30.0
807,2023-08-11,2023,3,8,August,32,Friday,0,CUST807,Female,50,45-54,Electronics,4,50,200,60.0,30.0
511,2023-08-12,2023,3,8,August,32,Saturday,1,CUST511,Male,45,45-54,Beauty,2,50,100,30.0,30.0
521,2023-08-12,2023,3,8,August,32,Saturday,1,CUST521,Female,47,45-54,Clothing,4,30,120,36.0,30.0
695,2023-08-12,2023,3,8,August,32,Saturday,1,CUST695,Female,22,18-24,Electronics,3,50,150,45.0,30.0
816,2023-08-12,2023,3,8,August,32,Saturday,1,CUST816,Male,47,45-54,Beauty,2,500,1000,300.0,30.0
217,2023-08-13,2023,3,8,August,32,Sunday,1,CUST217,Female,35,35-44,Electronics,4,50,200,60.0,30.0
384,2023-08-13,2023,3,8,August,32,Sunday,1,CUST384,Male,55,55+,Clothing,1,500,500,150.0,30.0
648,2023-08-14,2023,3,8,August,33,Monday,0,CUST648,Male,53,45-54,Beauty,4,300,1200,360.0,30.0
926,2023-08-14,2023,3,8,August,33,Monday,0,CUST926,Male,22,18-24,Electronics,1,30,30,9.0,30.0
285,2023-08-15,2023,3,8,August,33,Tuesday,0,CUST285,Female,31,25-34,Electronics,1,25,25,7.5,30.0
427,2023-08-15,2023,3,8,August,33,Tuesday,0,CUST427,Male,25,25-34,Electronics,1,25,25,7.5,30.0
569,2023-08-15,2023,3,8,August,33,Tuesday,0,CUST569,Male,52,45-54,Electronics,4,50,200,60.0,30.0
570,2023-08-15,2023,3,8,August,33,Tuesday,0,CUST570,Male,49,45-54,Clothing,1,500,500,150.0,30.0
630,2023-08-15,2023,3,8,August,33,Tuesday,0,CUST630,Male,42,35-44,Clothing,2,50,100,30.0,30.0
957,2023-08-15,2023,3,8,August,33,Tuesday,0,CUST957,Female,60,55+,Electronics,4,30,120,36.0,30.0
635,2023-08-17,2023,3,8,August,33,Thursday,0,CUST635,Female,63,55+,Electronics,3,300,900,270.0,30.0
29,2023-08-18,2023,3,8,August,33,Friday,0,CUST029,Female,42,35-44,Electronics,1,30,30,9.0,30.0
277,2023-08-18,2023,3,8,August,33,Friday,0,CUST277,Male,36,35-44,Clothing,4,25,100,30.0,30.0
859,2023-08-18,2023,3,8,August,33,Friday,0,CUST859,Female,56,55+,Electronics,3,500,1500,450.0,30.0
638,2023-08-19,2023,3,8,August,33,Saturday,1,CUST638,Male,46,45-54,Electronics,1,500,500,150.0,30.0
823,2023-08-19,2023,3,8,August,33,Saturday,1,CUST823,Female,56,55+,Electronics,2,50,100,30.0,30.0
956,2023-08-19,2023,3,8,August,33,Saturday,1,CUST956,Male,30,25-34,Clothing,3,500,1500,450.0,30.0
981,2023-08-19,2023,3,8,August,33,Saturday,1,CUST981,Female,30,25-34,Electronics,2,30,60,18.0,30.0
219,2023-08-20,2023,3,8,August,33,Sunday,1,CUST219,Female,53,45-54,Electronics,3,30,90,27.0,30.0
73,2023-08-21,2023,3,8,August,34,Monday,0,CUST073,Male,29,25-34,Electronics,3,30,90,27.0,30.0
162,2023-08-21,2023,3,8,August,34,Monday,0,CUST162,Male,39,35-44,Clothing,2,30,60,18.0,30.0
306,2023-08-21,2023,3,8,August,34,Monday,0,CUST306,Male,54,45-54,Electronics,1,50,50,15.0,30.0
725,2023-08-21,2023,3,8,August,34,Monday,0,CUST725,Male,61,55+,Electronics,1,300,300,90.0,30.0
880,2023-08-21,2023,3,8,August,34,Monday,0,CUST880,Male,22,18-24,Beauty,2,500,1000,300.0,30.0
992,2023-08-21,2023,3,8,August,34,Monday,0,CUST992,Female,57,55+,Electronics,2,30,60,18.0,30.0
597,2023-08-22,2023,3,8,August,34,Tuesday,0,CUST597,Male,22,18-24,Beauty,4,300,1200,360.0,30.0
622,2023-08-22,2023,3,8,August,34,Tuesday,0,CUST622,Female,49,45-54,Beauty,3,25,75,22.5,30.0
116,2023-08-23,2023,3,8,August,34,Wednesday,0,CUST116,Female,23,18-24,Clothing,1,30,30,9.0,30.0
364,2023-08-23,2023,3,8,August,34,Wednesday,0,CUST364,Female,19,18-24,Beauty,1,500,500,150.0,30.0
368,2023-08-23,2023,3,8,August,34,Wednesday,0,CUST368,Female,56,55+,Clothing,4,300,1200,360.0,30.0
50,2023-08-24,2023,3,8,August,34,Thursday,0,CUST050,Female,27,25-34,Beauty,3,25,75,22.5,30.0
479,2023-08-24,2023,3,8,August,34,Thursday,0,CUST479,Male,52,45-54,Electronics,4,300,1200,360.0,30.0
804,2023-08-24,2023,3,8,August,34,Thursday,0,CUST804,Male,42,35-44,Electronics,1,30,30,9.0,30.0
92,2023-08-25,2023,3,8,August,34,Friday,0,CUST092,Female,51,45-54,Electronics,4,30,120,36.0,30.0
282,2023-08-25,2023,3,8,August,34,Friday,0,CUST282,Female,64,55+,Electronics,4,50,200,60.0,30.0
718,2023-08-25,2023,3,8,August,34,Friday,0,CUST718,Female,59,55+,Beauty,3,25,75,22.5,30.0
617,2023-08-26,2023,3,8,August,34,Saturday,1,CUST617,Male,34,25-34,Electronics,1,30,30,9.0,30.0
624,2023-08-26,2023,3,8,August,34,Saturday,1,CUST624,Female,34,25-34,Beauty,3,300,900,270.0,30.0
825,2023-08-26,2023,3,8,August,34,Saturday,1,CUST825,Female,46,45-54,Beauty,1,25,25,7.5,30.0
568,2023-08-27,2023,3,8,August,34,Sunday,1,CUST568,Female,51,45-54,Electronics,1,300,300,90.0,30.0
671,2023-08-27,2023,3,8,August,34,Sunday,1,CUST671,Male,62,55+,Electronics,3,50,150,45.0,30.0
756,2023-08-27,2023,3,8,August,34,Sunday,1,CUST756,Female,62,55+,Electronics,4,300,1200,360.0,30.0
815,2023-08-27,2023,3,8,August,34,Sunday,1,CUST815,Female,51,45-54,Clothing,3,25,75,22.5,30.0
146,2023-08-28,2023,3,8,August,35,Monday,0,CUST146,Male,38,35-44,Clothing,4,50,200,60.0,30.0
263,2023-08-28,2023,3,8,August,35,Monday,0,CUST263,Male,23,18-24,Beauty,2,30,60,18.0,30.0
704,2023-08-28,2023,3,8,August,35,Monday,0,CUST704,Female,62,55+,Clothing,3,30,90,27.0,30.0
476,2023-08-29,2023,3,8,August,35,Tuesday,0,CUST476,Female,27,25-34,Clothing,4,500,2000,600.0,30.0
733,2023-08-29,2023,3,8,August,35,Tuesday,0,CUST733,Male,34,25-34,Beauty,1,30,30,9.0,30.0
924,2023-08-29,2023,3,8,August,35,Tuesday,0,CUST924,Male,55,55+,Beauty,2,50,100,30.0,30.0
984,2023-08-29,2023,3,8,August,35,Tuesday,0,CUST984,Male,56,55+,Clothing,1,500,500,150.0,30.0
251,2023-08-31,2023,3,8,August,35,Thursday,0,CUST251,Female,57,55+,Beauty,4,50,200,60.0,30.0
253,2023-08-31,2023,3,8,August,35,Thursday,0,CUST253,Female,53,45-54,Clothing,4,500,2000,600.0,30.0
574,2023-08-31,2023,3,8,August,35,Thursday,0,CUST574,Female,63,55+,Electronics,2,25,50,15.0,30.0
751,2023-08-31,2023,3,8,August,35,Thursday,0,CUST751,Female,42,35-44,Clothing,2,25,50,15.0,30.0
871,2023-08-31,2023,3,8,August,35,Thursday,0,CUST871,Male,62,55+,Beauty,2,30,60,18.0,30.0
200,2023-09-01,2023,3,9,September,35,Friday,0,CUST200,Male,27,25-34,Beauty,3,50,150,45.0,30.0
594,2023-09-01,2023,3,9,September,35,Friday,0,CUST594,Female,19,18-24,Electronics,2,300,600,180.0,30.0
637,2023-09-01,2023,3,9,September,35,Friday,0,CUST637,Male,43,35-44,Clothing,2,300,600,180.0,30.0
855,2023-09-01,2023,3,9,September,35,Friday,0,CUST855,Male,54,45-54,Beauty,1,25,25,7.5,30.0
325,2023-09-02,2023,3,9,September,35,Saturday,1,CUST325,Female,52,45-54,Electronics,2,25,50,15.0,30.0
682,2023-09-02,2023,3,9,September,35,Saturday,1,CUST682,Male,46,45-54,Beauty,4,300,1200,360.0,30.0
931,2023-09-02,2023,3,9,September,35,Saturday,1,CUST931,Male,30,25-34,Beauty,4,30,120,36.0,30.0
925,2023-09-03,2023,3,9,September,35,Sunday,1,CUST925,Male,25,25-34,Electronics,1,300,300,90.0,30.0
297,2023-09-04,2023,3,9,September,36,Monday,0,CUST297,Female,40,35-44,Electronics,2,500,1000,300.0,30.0
814,2023-09-05,2023,3,9,September,36,Tuesday,0,CUST814,Female,59,55+,Clothing,1,500,500,150.0,30.0
894,2023-09-05,2023,3,9,September,36,Tuesday,0,CUST894,Male,52,45-54,Electronics,1,30,30,9.0,30.0
194,2023-09-06,2023,3,9,September,36,Wednesday,0,CUST194,Male,55,55+,Clothing,4,50,200,60.0,30.0
245,2023-09-06,2023,3,9,September,36,Wednesday,0,CUST245,Male,47,45-54,Clothing,3,30,90,27.0,30.0
296,2023-09-06,2023,3,9,September,36,Wednesday,0,CUST296,Female,22,18-24,Clothing,4,300,1200,360.0,30.0
644,2023-09-06,2023,3,9,September,36,Wednesday,0,CUST644,Male,23,18-24,Beauty,3,25,75,22.5,30.0
696,2023-09-06,2023,3,9,September,36,Wednesday,0,CUST696,Female,50,45-54,Clothing,4,50,200,60.0,30.0
312,2023-09-07,2023,3,9,September,36,Thursday,0,CUST312,Male,41,35-44,Clothing,4,30,120,36.0,30.0
692,2023-09-07,2023,3,9,September,36,Thursday,0,CUST692,Female,64,55+,Clothing,2,50,100,30.0,30.0
835,2023-09-07,2023,3,9,September,36,Thursday,0,CUST835,Male,37,35-44,Clothing,4,50,200,60.0,30.0
183,2023-09-08,2023,3,9,September,36,Friday,0,CUST183,Female,43,35-44,Beauty,3,300,900,270.0,30.0
413,2023-09-08,2023,3,9,September,36,Friday,0,CUST413,Female,44,35-44,Beauty,3,25,75,22.5,30.0
799,2023-09-08,2023,3,9,September,36,Friday,0,CUST799,Male,56,55+,Electronics,2,50,100,30.0,30.0
851,2023-09-08,2023,3,9,September,36,Friday,0,CUST851,Male,32,25-34,Electronics,2,25,50,15.0,30.0
858,2023-09-09,2023,3,9,September,36,Saturday,1,CUST858,Male,23,18-24,Electronics,2,50,100,30.0,30.0
919,2023-09-09,2023,3,9,September,36,Saturday,1,CUST919,Female,22,18-24,Beauty,2,25,50,15.0,30.0
935,2023-09-09,2023,3,9,September,36,Saturday,1,CUST935,Female,34,25-34,Beauty,1,50,50,15.0,30.0
132,2023-09-10,2023,3,9,September,36,Sunday,1,CUST132,Male,42,35-44,Electronics,4,50,200,60.0,30.0
604,2023-09-11,2023,3,9,September,37,Monday,0,CUST604,Female,29,25-34,Electronics,4,50,200,60.0,30.0
832,2023-09-11,2023,3,9,September,37,Monday,0,CUST832,Male,47,45-54,Beauty,4,500,2000,600.0,30.0
113,2023-09-13,2023,3,9,September,37,Wednesday,0,CUST113,Female,41,35-44,Electronics,2,25,50,15.0,30.0
165,2023-09-14,2023,3,9,September,37,Thursday,0,CUST165,Female,60,55+,Clothing,4,300,1200,360.0,30.0
326,2023-09-15,2023,3,9,September,37,Friday,0,CUST326,Female,18,18-24,Clothing,3,25,75,22.5,30.0
19,2023-09-16,2023,3,9,September,37,Saturday,1,CUST019,Female,62,55+,Clothing,2,25,50,15.0,30.0
412,2023-09-16,2023,3,9,September,37,Saturday,1,CUST412,Female,19,18-24,Electronics,4,500,2000,600.0,30.0
632,2023-09-16,2023,3,9,September,37,Saturday,1,CUST632,Female,26,25-34,Electronics,4,25,100,30.0,30.0
167,2023-09-17,2023,3,9,September,37,Sunday,1,CUST167,Female,43,35-44,Clothing,3,50,150,45.0,30.0
172,2023-09-17,2023,3,9,September,37,Sunday,1,CUST172,Male,32,25-34,Beauty,2,25,50,15.0,30.0
375,2023-09-17,2023,3,9,September,37,Sunday,1,CUST375,Male,32,25-34,Clothing,1,50,50,15.0,30.0
538,2023-09-17,2023,3,9,September,37,Sunday,1,CUST538,Male,18,18-24,Clothing,3,50,150,45.0,30.0
794,2023-09-17,2023,3,9,September,37,Sunday,1,CUST794,Female,60,55+,Beauty,1,300,300,90.0,30.0
131,2023-09-18,2023,3,9,September,38,Monday,0,CUST131,Female,21,18-24,Beauty,2,300,600,180.0,30.0
330,2023-09-18,2023,3,9,September,38,Monday,0,CUST330,Female,25,25-34,Beauty,4,50,200,60.0,30.0
494,2023-09-18,2023,3,9,September,38,Monday,0,CUST494,Female,42,35-44,Beauty,4,50,200,60.0,30.0
513,2023-09-19,2023,3,9,September,38,Tuesday,0,CUST513,Male,24,18-24,Electronics,4,25,100,30.0,30.0
573,2023-09-19,2023,3,9,September,38,Tuesday,0,CUST573,Male,49,45-54,Beauty,2,30,60,18.0,30.0
241,2023-09-21,2023,3,9,September,38,Thursday,0,CUST241,Female,23,18-24,Electronics,3,25,75,22.5,30.0
579,2023-09-21,2023,3,9,September,38,Thursday,0,CUST579,Female,38,35-44,Electronics,1,30,30,9.0,30.0
218,2023-09-22,2023,3,9,September,38,Friday,0,CUST218,Male,64,55+,Beauty,3,30,90,27.0,30.0
846,2023-09-22,2023,3,9,September,38,Friday,0,CUST846,Male,42,35-44,Beauty,1,50,50,15.0,30.0
616,2023-09-23,2023,3,9,September,38,Saturday,1,CUST616,Male,41,35-44,Clothing,2,50,100,30.0,30.0
523,2023-09-24,2023,3,9,September,38,Sunday,1,CUST523,Female,62,55+,Electronics,1,300,300,90.0,30.0
643,2023-09-24,2023,3,9,September,38,Sunday,1,CUST643,Female,28,25-34,Electronics,3,30,90,27.0,30.0
351,2023-09-25,2023,3,9,September,39,Monday,0,CUST351,Female,56,55+,Clothing,3,30,90,27.0,30.0
809,2023-09-25,2023,3,9,September,39,Monday,0,CUST809,Female,62,55+,Beauty,2,50,100,30.0,30.0
954,2023-09-25,2023,3,9,September,39,Monday,0,CUST954,Female,50,45-54,Electronics,3,300,900,270.0,30.0
897,2023-09-26,2023,3,9,September,39,Tuesday,0,CUST897,Female,64,55+,Electronics,2,50,100,30.0,30.0
147,2023-09-28,2023,3,9,September,39,Thursday,0,CUST147,Male,23,18-24,Electronics,1,300,300,90.0,30.0
204,2023-09-28,2023,3,9,September,39,Thursday,0,CUST204,Male,39,35-44,Beauty,1,25,25,7.5,30.0
390,2023-09-28,2023,3,9,September,39,Thursday,0,CUST390,Male,39,35-44,Electronics,2,50,100,30.0,30.0
179,2023-09-29,2023,3,9,September,39,Friday,0,CUST179,Male,31,25-34,Electronics,1,300,300,90.0,30.0
327,2023-09-29,2023,3,9,September,39,Friday,0,CUST327,Male,57,55+,Electronics,3,50,150,45.0,30.0
626,2023-09-29,2023,3,9,September,39,Friday,0,CUST626,Female,26,25-34,Clothing,4,500,2000,600.0,30.0
873,2023-09-29,2023,3,9,September,39,Friday,0,CUST873,Female,27,25-34,Electronics,4,25,100,30.0,30.0
196,2023-09-30,2023,3,9,September,39,Saturday,1,CUST196,Female,32,25-34,Clothing,3,300,900,270.0,30.0
789,2023-09-30,2023,3,9,September,39,Saturday,1,CUST789,Female,61,55+,Clothing,4,500,2000,600.0,30.0
89,2023-10-01,2023,4,10,October,39,Sunday,1,CUST089,Female,55,55+,Electronics,4,500,2000,600.0,30.0
707,2023-10-01,2023,4,10,October,39,Sunday,1,CUST707,Female,26,25-34,Clothing,1,500,500,150.0,30.0
909,2023-10-01,2023,4,10,October,39,Sunday,1,CUST909,Male,26,25-34,Electronics,1,300,300,90.0,30.0
51,2023-10-02,2023,4,10,October,40,Monday,0,CUST051,Male,27,25-34,Beauty,3,25,75,22.5,30.0
154,2023-10-02,2023,4,10,October,40,Monday,0,CUST154,Male,51,45-54,Electronics,3,300,900,270.0,30.0
276,2023-10-02,2023,4,10,October,40,Monday,0,CUST276,Female,21,18-24,Beauty,4,25,100,30.0,30.0
497,2023-10-02,2023,4,10,October,40,Monday,0,CUST497,Male,41,35-44,Clothing,4,30,120,36.0,30.0
889,2023-10-02,2023,4,10,October,40,Monday,0,CUST889,Female,35,35-44,Electronics,1,50,50,15.0,30.0
122,2023-10-03,2023,4,10,October,40,Tuesday,0,CUST122,Male,64,55+,Electronics,4,30,120,36.0,30.0
373,2023-10-03,2023,4,10,October,40,Tuesday,0,CUST373,Female,25,25-34,Beauty,2,300,600,180.0,30.0
524,2023-10-03,2023,4,10,October,40,Tuesday,0,CUST524,Male,46,45-54,Beauty,4,300,1200,360.0,30.0
688,2023-10-03,2023,4,10,October,40,Tuesday,0,CUST688,Male,56,55+,Clothing,4,25,100,30.0,30.0
813,2023-10-03,2023,4,10,October,40,Tuesday,0,CUST813,Male,52,45-54,Electronics,3,50,150,45.0,30.0
178,2023-10-04,2023,4,10,October,40,Wednesday,0,CUST178,Male,40,35-44,Clothing,2,30,60,18.0,30.0
208,2023-10-04,2023,4,10,October,40,Wednesday,0,CUST208,Female,34,25-34,Electronics,4,50,200,60.0,30.0
247,2023-10-04,2023,4,10,October,40,Wednesday,0,CUST247,Male,41,35-44,Electronics,2,30,60,18.0,30.0
290,2023-10-04,2023,4,10,October,40,Wednesday,0,CUST290,Female,30,25-34,Beauty,2,300,600,180.0,30.0
656,2023-10-04,2023,4,10,October,40,Wednesday,0,CUST656,Male,29,25-34,Beauty,3,30,90,27.0,30.0
735,2023-10-04,2023,4,10,October,40,Wednesday,0,CUST735,Female,64,55+,Clothing,4,500,2000,600.0,30.0
319,2023-10-05,2023,4,10,October,40,Thursday,0,CUST319,Male,31,25-34,Clothing,1,500,500,150.0,30.0
670,2023-10-05,2023,4,10,October,40,Thursday,0,CUST670,Male,27,25-34,Beauty,1,30,30,9.0,30.0
385,2023-10-06,2023,4,10,October,40,Friday,0,CUST385,Male,50,45-54,Electronics,3,500,1500,450.0,30.0
10,2023-10-07,2023,4,10,October,40,Saturday,1,CUST010,Female,52,45-54,Clothing,4,50,200,60.0,30.0
26,2023-10-07,2023,4,10,October,40,Saturday,1,CUST026,Female,28,25-34,Electronics,2,500,1000,300.0,30.0
437,2023-10-07,2023,4,10,October,40,Saturday,1,CUST437,Female,35,35-44,Electronics,4,300,1200,360.0,30.0
689,2023-10-07,2023,4,10,October,40,Saturday,1,CUST689,Male,57,55+,Electronics,2,50,100,30.0,30.0
558,2023-10-08,2023,4,10,October,40,Sunday,1,CUST558,Female,41,35-44,Clothing,1,25,25,7.5,30.0
634,2023-10-08,2023,4,10,October,40,Sunday,1,CUST634,Male,60,55+,Electronics,4,500,2000,600.0,30.0
201,2023-10-09,2023,4,10,October,41,Monday,0,CUST201,Male,56,55+,Electronics,1,25,25,7.5,30.0
286,2023-10-09,2023,4,10,October,41,Monday,0,CUST286,Male,55,55+,Electronics,2,25,50,15.0,30.0
876,2023-10-09,2023,4,10,October,41,Monday,0,CUST876,Male,43,35-44,Clothing,4,30,120,36.0,30.0
55,2023-10-10,2023,4,10,October,41,Tuesday,0,CUST055,Male,31,25-34,Beauty,4,30,120,36.0,30.0
428,2023-10-10,2023,4,10,October,41,Tuesday,0,CUST428,Female,40,35-44,Electronics,4,50,200,60.0,30.0
441,2023-10-10,2023,4,10,October,41,Tuesday,0,CUST441,Male,57,55+,Beauty,4,300,1200,360.0,30.0
976,2023-10-10,2023,4,10,October,41,Tuesday,0,CUST976,Female,48,45-54,Beauty,2,300,600,180.0,30.0
149,2023-10-11,2023,4,10,October,41,Wednesday,0,CUST149,Male,22,18-24,Clothing,3,25,75,22.5,30.0
227,2023-10-11,2023,4,10,October,41,Wednesday,0,CUST227,Male,36,35-44,Electronics,2,50,100,30.0,30.0
393,2023-10-11,2023,4,10,October,41,Wednesday,0,CUST393,Female,22,18-24,Beauty,2,500,1000,300.0,30.0
401,2023-10-11,2023,4,10,October,41,Wednesday,0,CUST401,Female,62,55+,Clothing,1,300,300,90.0,30.0
546,2023-10-11,2023,4,10,October,41,Wednesday,0,CUST546,Female,36,35-44,Electronics,4,50,200,60.0,30.0
872,2023-10-11,2023,4,10,October,41,Wednesday,0,CUST872,Female,63,55+,Beauty,3,25,75,22.5,30.0
914,2023-10-11,2023,4,10,October,41,Wednesday,0,CUST914,Female,59,55+,Electronics,1,500,500,150.0,30.0
310,2023-10-12,2023,4,10,October,41,Thursday,0,CUST310,Female,28,25-34,Beauty,1,25,25,7.5,30.0
844,2023-10-12,2023,4,10,October,41,Thursday,0,CUST844,Male,35,35-44,Clothing,3,50,150,45.0,30.0
852,2023-10-12,2023,4,10,October,41,Thursday,0,CUST852,Female,41,35-44,Clothing,1,300,300,90.0,30.0
97,2023-10-13,2023,4,10,October,41,Friday,0,CUST097,Female,51,45-54,Beauty,2,500,1000,300.0,30.0
619,2023-10-13,2023,4,10,October,41,Friday,0,CUST619,Male,47,45-54,Electronics,4,25,100,30.0,30.0
948,2023-10-13,2023,4,10,October,41,Friday,0,CUST948,Female,23,18-24,Electronics,3,25,75,22.5,30.0
456,2023-10-14,2023,4,10,October,41,Saturday,1,CUST456,Male,57,55+,Electronics,2,30,60,18.0,30.0
627,2023-10-14,2023,4,10,October,41,Saturday,1,CUST627,Male,57,55+,Clothing,1,50,50,15.0,30.0
22,2023-10-15,2023,4,10,October,41,Sunday,1,CUST022,Male,18,18-24,Clothing,2,50,100,30.0,30.0
121,2023-10-15,2023,4,10,October,41,Sunday,1,CUST121,Female,28,25-34,Electronics,4,50,200,60.0,30.0
431,2023-10-15,2023,4,10,October,41,Sunday,1,CUST431,Male,63,55+,Electronics,4,300,1200,360.0,30.0
370,2023-10-16,2023,4,10,October,42,Monday,0,CUST370,Male,23,18-24,Electronics,2,30,60,18.0,30.0
711,2023-10-16,2023,4,10,October,42,Monday,0,CUST711,Male,26,25-34,Electronics,3,500,1500,450.0,30.0
754,2023-10-16,2023,4,10,October,42,Monday,0,CUST754,Female,43,35-44,Electronics,4,25,100,30.0,30.0
943,2023-10-16,2023,4,10,October,42,Monday,0,CUST943,Female,57,55+,Clothing,4,300,1200,360.0,30.0
350,2023-10-17,2023,4,10,October,42,Tuesday,0,CUST350,Male,25,25-34,Beauty,3,25,75,22.5,30.0
786,2023-10-17,2023,4,10,October,42,Tuesday,0,CUST786,Male,48,45-54,Clothing,4,25,100,30.0,30.0
109,2023-10-18,2023,4,10,October,42,Wednesday,0,CUST109,Female,34,25-34,Electronics,4,500,2000,600.0,30.0
191,2023-10-18,2023,4,10,October,42,Wednesday,0,CUST191,Male,64,55+,Beauty,1,25,25,7.5,30.0
340,2023-10-19,2023,4,10,October,42,Thursday,0,CUST340,Female,36,35-44,Clothing,4,300,1200,360.0,30.0
555,2023-10-19,2023,4,10,October,42,Thursday,0,CUST555,Male,25,25-34,Beauty,1,300,300,90.0,30.0
826,2023-10-19,2023,4,10,October,42,Thursday,0,CUST826,Female,46,45-54,Clothing,1,300,300,90.0,30.0
962,2023-10-19,2023,4,10,October,42,Thursday,0,CUST962,Male,44,35-44,Clothing,2,30,60,18.0,30.0
249,2023-10-20,2023,4,10,October,42,Friday,0,CUST249,Male,20,18-24,Clothing,1,50,50,15.0,30.0
922,2023-10-21,2023,4,10,October,42,Saturday,1,CUST922,Male,41,35-44,Electronics,1,50,50,15.0,30.0
600,2023-10-22,2023,4,10,October,42,Sunday,1,CUST600,Female,59,55+,Beauty,2,500,1000,300.0,30.0
680,2023-10-22,2023,4,10,October,42,Sunday,1,CUST680,Female,53,45-54,Clothing,3,300,900,270.0,30.0
770,2023-10-22,2023,4,10,October,42,Sunday,1,CUST770,Male,32,25-34,Clothing,1,50,50,15.0,30.0
60,2023-10-23,2023,4,10,October,43,Monday,0,CUST060,Male,30,25-34,Beauty,3,50,150,45.0,30.0
250,2023-10-23,2023,4,10,October,43,Monday,0,CUST250,Male,48,45-54,Electronics,1,50,50,15.0,30.0
516,2023-10-23,2023,4,10,October,43,Monday,0,CUST516,Male,30,25-34,Beauty,4,25,100,30.0,30.0
937,2023-10-23,2023,4,10,October,43,Monday,0,CUST937,Female,62,55+,Beauty,1,500,500,150.0,30.0
318,2023-10-24,2023,4,10,October,43,Tuesday,0,CUST318,Male,61,55+,Clothing,1,25,25,7.5,30.0
342,2023-10-24,2023,4,10,October,43,Tuesday,0,CUST342,Female,43,35-44,Clothing,4,500,2000,600.0,30.0
564,2023-10-24,2023,4,10,October,43,Tuesday,0,CUST564,Male,50,45-54,Electronics,2,50,100,30.0,30.0
767,2023-10-24,2023,4,10,October,43,Tuesday,0,CUST767,Male,39,35-44,Beauty,3,25,75,22.5,30.0
503,2023-10-25,2023,4,10,October,43,Wednesday,0,CUST503,Male,45,45-54,Beauty,4,500,2000,600.0,30.0
869,2023-10-25,2023,4,10,October,43,Wednesday,0,CUST869,Male,37,35-44,Beauty,3,500,1500,450.0,30.0
126,2023-10-26,2023,4,10,October,43,Thursday,0,CUST126,Female,28,25-34,Clothing,3,30,90,27.0,30.0
349,2023-10-26,2023,4,10,October,43,Thursday,0,CUST349,Female,57,55+,Beauty,1,50,50,15.0,30.0
440,2023-10-26,2023,4,10,October,43,Thursday,0,CUST440,Male,64,55+,Clothing,2,300,600,180.0,30.0
124,2023-10-27,2023,4,10,October,43,Friday,0,CUST124,Male,33,25-34,Clothing,4,500,2000,600.0,30.0
324,2023-10-27,2023,4,10,October,43,Friday,0,CUST324,Female,52,45-54,Electronics,3,50,150,45.0,30.0
677,2023-10-27,2023,4,10,October,43,Friday,0,CUST677,Female,19,18-24,Beauty,3,500,1500,450.0,30.0
30,2023-10-29,2023,4,10,October,43,Sunday,1,CUST030,Female,39,35-44,Beauty,3,300,900,270.0,30.0
226,2023-10-29,2023,4,10,October,43,Sunday,1,CUST226,Female,61,55+,Clothing,1,50,50,15.0,30.0
229,2023-10-29,2023,4,10,October,43,Sunday,1,CUST229,Male,58,55+,Beauty,3,30,90,27.0,30.0
896,2023-10-29,2023,4,10,October,43,Sunday,1,CUST896,Female,30,25-34,Electronics,2,25,50,15.0,30.0
959,2023-10-29,2023,4,10,October,43,Sunday,1,CUST959,Female,42,35-44,Electronics,2,30,60,18.0,30.0
998,2023-10-29,2023,4,10,October,43,Sunday,1,CUST998,Female,23,18-24,Beauty,4,25,100,30.0,30.0
12,2023-10-30,2023,4,10,October,44,Monday,0,CUST012,Male,35,35-44,Beauty,3,25,75,22.5,30.0
710,2023-10-31,2023,4,10,October,44,Tuesday,0,CUST710,Female,26,25-34,Electronics,3,500,1500,450.0,30.0
776,2023-10-31,2023,4,10,October,44,Tuesday,0,CUST776,Male,35,35-44,Clothing,3,30,90,27.0,30.0
817,2023-10-31,2023,4,10,October,44,Tuesday,0,CUST817,Male,30,25-34,Beauty,4,50,200,60.0,30.0
334,2023-11-01,2023,4,11,November,44,Wednesday,0,CUST334,Male,31,25-34,Electronics,3,300,900,270.0,30.0
343,2023-11-01,2023,4,11,November,44,Wednesday,0,CUST343,Male,21,18-24,Electronics,2,25,50,15.0,30.0
628,2023-11-01,2023,4,11,November,44,Wednesday,0,CUST628,Female,19,18-24,Beauty,4,50,200,60.0,30.0
983,2023-11-01,2023,4,11,November,44,Wednesday,0,CUST983,Female,29,25-34,Clothing,1,300,300,90.0,30.0
141,2023-11-02,2023,4,11,November,44,Thursday,0,CUST141,Female,22,18-24,Electronics,1,50,50,15.0,30.0
145,2023-11-02,2023,4,11,November,44,Thursday,0,CUST145,Female,39,35-44,Clothing,3,25,75,22.5,30.0
507,2023-11-02,2023,4,11,November,44,Thursday,0,CUST507,Female,37,35-44,Electronics,3,500,1500,450.0,30.0
841,2023-11-02,2023,4,11,November,44,Thursday,0,CUST841,Male,31,25-34,Electronics,4,25,100,30.0,30.0
898,2023-11-02,2023,4,11,November,44,Thursday,0,CUST898,Female,42,35-44,Clothing,3,30,90,27.0,30.0
951,2023-11-02,2023,4,11,November,44,Thursday,0,CUST951,Male,33,25-34,Beauty,2,50,100,30.0,30.0
181,2023-11-03,2023,4,11,November,44,Friday,0,CUST181,Male,19,18-24,Electronics,4,300,1200,360.0,30.0
784,2023-11-04,2023,4,11,November,44,Saturday,1,CUST784,Female,34,25-34,Electronics,1,500,500,150.0,30.0
20,2023-11-05,2023,4,11,November,44,Sunday,1,CUST020,Male,22,18-24,Clothing,3,300,900,270.0,30.0
690,2023-11-05,2023,4,11,November,44,Sunday,1,CUST690,Female,52,45-54,Clothing,3,300,900,270.0,30.0
47,2023-11-06,2023,4,11,November,45,Monday,0,CUST047,Female,40,35-44,Beauty,3,500,1500,450.0,30.0
405,2023-11-06,2023,4,11,November,45,Monday,0,CUST405,Female,25,25-34,Clothing,4,300,1200,360.0,30.0
205,2023-11-07,2023,4,11,November,45,Tuesday,0,CUST205,Female,43,35-44,Clothing,1,25,25,7.5,30.0
512,2023-11-07,2023,4,11,November,45,Tuesday,0,CUST512,Female,57,55+,Beauty,1,25,25,7.5,30.0
565,2023-11-07,2023,4,11,November,45,Tuesday,0,CUST565,Female,45,45-54,Beauty,2,30,60,18.0,30.0
761,2023-11-07,2023,4,11,November,45,Tuesday,0,CUST761,Female,33,25-34,Clothing,1,500,500,150.0,30.0
762,2023-11-07,2023,4,11,November,45,Tuesday,0,CUST762,Female,24,18-24,Electronics,2,25,50,15.0,30.0
950,2023-11-07,2023,4,11,November,45,Tuesday,0,CUST950,Male,36,35-44,Clothing,3,300,900,270.0,30.0
86,2023-11-08,2023,4,11,November,45,Wednesday,0,CUST086,Male,19,18-24,Beauty,3,30,90,27.0,30.0
173,2023-11-08,2023,4,11,November,45,Wednesday,0,CUST173,Male,64,55+,Electronics,4,30,120,36.0,30.0
595,2023-11-09,2023,4,11,November,45,Thursday,0,CUST595,Female,18,18-24,Clothing,4,500,2000,600.0,30.0
827,2023-11-09,2023,4,11,November,45,Thursday,0,CUST827,Male,61,55+,Beauty,3,300,900,270.0,30.0
965,2023-11-09,2023,4,11,November,45,Thursday,0,CUST965,Male,22,18-24,Clothing,4,50,200,60.0,30.0
388,2023-11-10,2023,4,11,November,45,Friday,0,CUST388,Male,50,45-54,Electronics,1,25,25,7.5,30.0
631,2023-11-10,2023,4,11,November,45,Friday,0,CUST631,Male,56,55+,Electronics,3,30,90,27.0,30.0
554,2023-11-12,2023,4,11,November,45,Sunday,1,CUST554,Female,46,45-54,Beauty,3,50,150,45.0,30.0
812,2023-11-12,2023,4,11,November,45,Sunday,1,CUST812,Male,19,18-24,Electronics,3,25,75,22.5,30.0
58,2023-11-13,2023,4,11,November,46,Monday,0,CUST058,Male,18,18-24,Clothing,4,300,1200,360.0,30.0
952,2023-11-13,2023,4,11,November,46,Monday,0,CUST952,Female,57,55+,Clothing,1,25,25,7.5,30.0
345,2023-11-14,2023,4,11,November,46,Tuesday,0,CUST345,Male,62,55+,Electronics,1,30,30,9.0,30.0
458,2023-11-14,2023,4,11,November,46,Tuesday,0,CUST458,Female,39,35-44,Electronics,4,25,100,30.0,30.0
582,2023-11-14,2023,4,11,November,46,Tuesday,0,CUST582,Male,35,35-44,Clothing,3,300,900,270.0,30.0
963,2023-11-14,2023,4,11,November,46,Tuesday,0,CUST963,Female,55,55+,Beauty,1,50,50,15.0,30.0
369,2023-11-15,2023,4,11,November,46,Wednesday,0,CUST369,Male,23,18-24,Electronics,3,500,1500,450.0,30.0
706,2023-11-15,2023,4,11,November,46,Wednesday,0,CUST706,Male,51,45-54,Electronics,4,25,100,30.0,30.0
747,2023-11-15,2023,4,11,November,46,Wednesday,0,CUST747,Male,23,18-24,Beauty,1,30,30,9.0,30.0
533,2023-11-16,2023,4,11,November,46,Thursday,0,CUST533,Male,19,18-24,Electronics,3,500,1500,450.0,30.0
169,2023-11-17,2023,4,11,November,46,Friday,0,CUST169,Male,18,18-24,Beauty,3,500,1500,450.0,30.0
645,2023-11-17,2023,4,11,November,46,Friday,0,CUST645,Female,35,35-44,Electronics,4,30,120,36.0,30.0
968,2023-11-17,2023,4,11,November,46,Friday,0,CUST968,Female,48,45-54,Clothing,3,300,900,270.0,30.0
997,2023-11-17,2023,4,11,November,46,Friday,0,CUST997,Male,52,45-54,Beauty,3,30,90,27.0,30.0
57,2023-11-18,2023,4,11,November,46,Saturday,1,CUST057,Female,63,55+,Beauty,1,30,30,9.0,30.0
137,2023-11-18,2023,4,11,November,46,Saturday,1,CUST137,Male,46,45-54,Beauty,2,500,1000,300.0,30.0
778,2023-11-18,2023,4,11,November,46,Saturday,1,CUST778,Female,47,45-54,Beauty,4,25,100,30.0,30.0
599,2023-11-19,2023,4,11,November,46,Sunday,1,CUST599,Female,28,25-34,Beauty,2,50,100,30.0,30.0
938,2023-11-19,2023,4,11,November,46,Sunday,1,CUST938,Male,49,45-54,Clothing,4,50,200,60.0,30.0
234,2023-11-20,2023,4,11,November,47,Monday,0,CUST234,Female,62,55+,Electronics,2,25,50,15.0,30.0
410,2023-11-21,2023,4,11,November,47,Tuesday,0,CUST410,Female,29,25-34,Clothing,2,50,100,30.0,30.0
417,2023-11-21,2023,4,11,November,47,Tuesday,0,CUST417,Male,43,35-44,Electronics,3,300,900,270.0,30.0
581,2023-11-21,2023,4,11,November,47,Tuesday,0,CUST581,Female,48,45-54,Beauty,2,30,60,18.0,30.0
74,2023-11-22,2023,4,11,November,47,Wednesday,0,CUST074,Female,18,18-24,Beauty,4,500,2000,600.0,30.0
87,2023-11-22,2023,4,11,November,47,Wednesday,0,CUST087,Female,28,25-34,Beauty,2,50,100,30.0,30.0
803,2023-11-22,2023,4,11,November,47,Wednesday,0,CUST803,Male,39,35-44,Clothing,4,25,100,30.0,30.0
424,2023-11-23,2023,4,11,November,47,Thursday,0,CUST424,Male,57,55+,Beauty,4,300,1200,360.0,30.0
641,2023-11-23,2023,4,11,November,47,Thursday,0,CUST641,Female,40,35-44,Electronics,1,300,300,90.0,30.0
918,2023-11-23,2023,4,11,November,47,Thursday,0,CUST918,Female,42,35-44,Electronics,3,30,90,27.0,30.0
1,2023-11-24,2023,4,11,November,47,Friday,0,CUST001,Male,34,25-34,Beauty,3,50,150,45.0,30.0
95,2023-11-24,2023,4,11,November,47,Friday,0,CUST095,Female,32,25-34,Clothing,2,30,60,18.0,30.0
171,2023-11-24,2023,4,11,November,47,Friday,0,CUST171,Female,52,45-54,Clothing,3,300,900,270.0,30.0
156,2023-11-25,2023,4,11,November,47,Saturday,1,CUST156,Female,43,35-44,Clothing,4,25,100,30.0,30.0
493,2023-11-25,2023,4,11,November,47,Saturday,1,CUST493,Male,41,35-44,Beauty,2,25,50,15.0,30.0
115,2023-11-26,2023,4,11,November,47,Sunday,1,CUST115,Male,51,45-54,Clothing,3,500,1500,450.0,30.0
715,2023-11-26,2023,4,11,November,47,Sunday,1,CUST715,Female,42,35-44,Beauty,4,25,100,30.0,30.0
267,2023-11-27,2023,4,11,November,48,Monday,0,CUST267,Female,32,25-34,Beauty,3,30,90,27.0,30.0
362,2023-11-27,2023,4,11,November,48,Monday,0,CUST362,Male,50,45-54,Clothing,1,25,25,7.5,30.0
856,2023-11-27,2023,4,11,November,48,Monday,0,CUST856,Male,54,45-54,Electronics,4,30,120,36.0,30.0
84,2023-11-28,2023,4,11,November,48,Tuesday,0,CUST084,Female,38,35-44,Electronics,3,30,90,27.0,30.0
795,2023-11-28,2023,4,11,November,48,Tuesday,0,CUST795,Male,57,55+,Electronics,1,300,300,90.0,30.0
24,2023-11-29,2023,4,11,November,48,Wednesday,0,CUST024,Female,49,45-54,Clothing,1,300,300,90.0,30.0
215,2023-11-29,2023,4,11,November,48,Wednesday,0,CUST215,Male,58,55+,Clothing,3,500,1500,450.0,30.0
739,2023-11-29,2023,4,11,November,48,Wednesday,0,CUST739,Male,36,35-44,Beauty,1,25,25,7.5,30.0
289,2023-11-30,2023,4,11,November,48,Thursday,0,CUST289,Male,53,45-54,Electronics,2,30,60,18.0,30.0
741,2023-11-30,2023,4,11,November,48,Thursday,0,CUST741,Male,48,45-54,Clothing,1,300,300,90.0,30.0
810,2023-11-30,2023,4,11,November,48,Thursday,0,CUST810,Male,59,55+,Electronics,4,25,100,30.0,30.0
266,2023-12-01,2023,4,12,December,48,Friday,0,CUST266,Female,19,18-24,Electronics,2,30,60,18.0,30.0
389,2023-12-01,2023,4,12,December,48,Friday,0,CUST389,Male,21,18-24,Clothing,2,25,50,15.0,30.0
112,2023-12-02,2023,4,12,December,48,Saturday,1,CUST112,Male,37,35-44,Clothing,3,500,1500,450.0,30.0
566,2023-12-02,2023,4,12,December,48,Saturday,1,CUST566,Female,64,55+,Clothing,1,30,30,9.0,30.0
608,2023-12-02,2023,4,12,December,48,Saturday,1,CUST608,Female,55,55+,Electronics,3,500,1500,450.0,30.0
348,2023-12-03,2023,4,12,December,48,Sunday,1,CUST348,Female,35,35-44,Electronics,2,300,600,180.0,30.0
199,2023-12-04,2023,4,12,December,49,Monday,0,CUST199,Male,45,45-54,Beauty,3,500,1500,450.0,30.0
258,2023-12-04,2023,4,12,December,49,Monday,0,CUST258,Female,37,35-44,Clothing,1,50,50,15.0,30.0
485,2023-12-04,2023,4,12,December,49,Monday,0,CUST485,Male,24,18-24,Electronics,1,30,30,9.0,30.0
576,2023-12-04,2023,4,12,December,49,Monday,0,CUST576,Female,33,25-34,Beauty,3,50,150,45.0,30.0
65,2023-12-05,2023,4,12,December,49,Tuesday,0,CUST065,Male,51,45-54,Electronics,4,500,2000,600.0,30.0
311,2023-12-05,2023,4,12,December,49,Tuesday,0,CUST311,Female,32,25-34,Beauty,4,25,100,30.0,30.0
791,2023-12-05,2023,4,12,December,49,Tuesday,0,CUST791,Female,51,45-54,Beauty,1,25,25,7.5,30.0
971,2023-12-05,2023,4,12,December,49,Tuesday,0,CUST971,Female,27,25-34,Electronics,4,50,200,60.0,30.0
999,2023-12-05,2023,4,12,December,49,Tuesday,0,CUST999,Female,36,35-44,Electronics,3,50,150,45.0,30.0
395,2023-12-06,2023,4,12,December,49,Wednesday,0,CUST395,Male,50,45-54,Electronics,2,500,1000,300.0,30.0
535,2023-12-06,2023,4,12,December,49,Wednesday,0,CUST535,Male,47,45-54,Beauty,3,30,90,27.0,30.0
580,2023-12-06,2023,4,12,December,49,Wednesday,0,CUST580,Female,31,25-34,Clothing,3,500,1500,450.0,30.0
712,2023-12-06,2023,4,12,December,49,Wednesday,0,CUST712,Female,57,55+,Beauty,2,25,50,15.0,30.0
868,2023-12-06,2023,4,12,December,49,Wednesday,0,CUST868,Female,25,25-34,Electronics,1,300,300,90.0,30.0
531,2023-12-07,2023,4,12,December,49,Thursday,0,CUST531,Male,31,25-34,Electronics,1,500,500,150.0,30.0
550,2023-12-07,2023,4,12,December,49,Thursday,0,CUST550,Male,40,35-44,Clothing,3,300,900,270.0,30.0
392,2023-12-08,2023,4,12,December,49,Friday,0,CUST392,Male,27,25-34,Clothing,2,300,600,180.0,30.0
453,2023-12-08,2023,4,12,December,49,Friday,0,CUST453,Female,26,25-34,Clothing,2,500,1000,300.0,30.0
540,2023-12-08,2023,4,12,December,49,Friday,0,CUST540,Female,46,45-54,Electronics,3,300,900,270.0,30.0
625,2023-12-08,2023,4,12,December,49,Friday,0,CUST625,Male,31,25-34,Clothing,1,300,300,90.0,30.0
244,2023-12-09,2023,4,12,December,49,Saturday,1,CUST244,Male,28,25-34,Beauty,2,50,100,30.0,30.0
355,2023-12-09,2023,4,12,December,49,Saturday,1,CUST355,Female,55,55+,Electronics,1,500,500,150.0,30.0
468,2023-12-09,2023,4,12,December,49,Saturday,1,CUST468,Male,40,35-44,Electronics,1,25,25,7.5,30.0
700,2023-12-09,2023,4,12,December,49,Saturday,1,CUST700,Male,36,35-44,Electronics,4,500,2000,600.0,30.0
752,2023-12-09,2023,4,12,December,49,Saturday,1,CUST752,Male,29,25-34,Clothing,2,50,100,30.0,30.0
828,2023-12-09,2023,4,12,December,49,Saturday,1,CUST828,Female,33,25-34,Electronics,4,300,1200,360.0,30.0
80,2023-12-10,2023,4,12,December,49,Sunday,1,CUST080,Female,64,55+,Clothing,2,30,60,18.0,30.0
214,2023-12-10,2023,4,12,December,49,Sunday,1,CUST214,Male,20,18-24,Beauty,2,30,60,18.0,30.0
361,2023-12-10,2023,4,12,December,49,Sunday,1,CUST361,Female,34,25-34,Electronics,4,300,1200,360.0,30.0
526,2023-12-10,2023,4,12,December,49,Sunday,1,CUST526,Male,33,25-34,Clothing,2,50,100,30.0,30.0
265,2023-12-11,2023,4,12,December,50,Monday,0,CUST265,Male,55,55+,Clothing,3,300,900,270.0,30.0
586,2023-12-11,2023,4,12,December,50,Monday,0,CUST586,Male,50,45-54,Electronics,1,50,50,15.0,30.0
336,2023-12-12,2023,4,12,December,50,Tuesday,0,CUST336,Female,52,45-54,Beauty,3,50,150,45.0,30.0
571,2023-12-12,2023,4,12,December,50,Tuesday,0,CUST571,Female,41,35-44,Electronics,1,50,50,15.0,30.0
9,2023-12-13,2023,4,12,December,50,Wednesday,0,CUST009,Male,63,55+,Electronics,2,300,600,180.0,30.0
552,2023-12-13,2023,4,12,December,50,Wednesday,0,CUST552,Female,49,45-54,Electronics,3,25,75,22.5,30.0
771,2023-12-13,2023,4,12,December,50,Wednesday,0,CUST771,Male,24,18-24,Electronics,2,25,50,15.0,30.0
496,2023-12-14,2023,4,12,December,50,Thursday,0,CUST496,Male,23,18-24,Clothing,2,300,600,180.0,30.0
701,2023-12-14,2023,4,12,December,50,Thursday,0,CUST701,Female,52,45-54,Beauty,2,30,60,18.0,30.0
139,2023-12-15,2023,4,12,December,50,Friday,0,CUST139,Male,36,35-44,Beauty,4,500,2000,600.0,30.0
151,2023-12-15,2023,4,12,December,50,Friday,0,CUST151,Male,29,25-34,Clothing,1,50,50,15.0,30.0
83,2023-12-16,2023,4,12,December,50,Saturday,1,CUST083,Male,54,45-54,Electronics,2,50,100,30.0,30.0
153,2023-12-16,2023,4,12,December,50,Saturday,1,CUST153,Male,63,55+,Electronics,2,500,1000,300.0,30.0
451,2023-12-16,2023,4,12,December,50,Saturday,1,CUST451,Female,45,45-54,Electronics,1,30,30,9.0,30.0
99,2023-12-17,2023,4,12,December,50,Sunday,1,CUST099,Female,50,45-54,Electronics,4,300,1200,360.0,30.0
783,2023-12-17,2023,4,12,December,50,Sunday,1,CUST783,Female,56,55+,Clothing,1,300,300,90.0,30.0
409,2023-12-18,2023,4,12,December,51,Monday,0,CUST409,Female,21,18-24,Electronics,3,300,900,270.0,30.0
525,2023-12-18,2023,4,12,December,51,Monday,0,CUST525,Female,47,45-54,Beauty,2,25,50,15.0,30.0
939,2023-12-18,2023,4,12,December,51,Monday,0,CUST939,Female,46,45-54,Electronics,1,300,300,90.0,30.0
994,2023-12-18,2023,4,12,December,51,Monday,0,CUST994,Female,51,45-54,Beauty,2,500,1000,300.0,30.0
96,2023-12-19,2023,4,12,December,51,Tuesday,0,CUST096,Female,44,35-44,Clothing,2,300,600,180.0,30.0
609,2023-12-19,2023,4,12,December,51,Tuesday,0,CUST609,Female,47,45-54,Clothing,2,50,100,30.0,30.0
982,2023-12-19,2023,4,12,December,51,Tuesday,0,CUST982,Female,46,45-54,Beauty,3,30,90,27.0,30.0
209,2023-12-20,2023,4,12,December,51,Wednesday,0,CUST209,Female,30,25-34,Electronics,4,50,200,60.0,30.0
435,2023-12-20,2023,4,12,December,51,Wednesday,0,CUST435,Female,30,25-34,Beauty,3,300,900,270.0,30.0
777,2023-12-20,2023,4,12,December,51,Wednesday,0,CUST777,Male,48,45-54,Electronics,3,50,150,45.0,30.0
854,2023-12-20,2023,4,12,December,51,Wednesday,0,CUST854,Male,29,25-34,Clothing,1,50,50,15.0,30.0
890,2023-12-20,2023,4,12,December,51,Wednesday,0,CUST890,Male,34,25-34,Electronics,2,25,50,15.0,30.0
865,2023-12-21,2023,4,12,December,51,Thursday,0,CUST865,Female,42,35-44,Clothing,1,300,300,90.0,30.0
662,2023-12-22,2023,4,12,December,51,Friday,0,CUST662,Male,48,45-54,Beauty,2,500,1000,300.0,30.0
309,2023-12-23,2023,4,12,December,51,Saturday,1,CUST309,Female,26,25-34,Beauty,1,25,25,7.5,30.0
544,2023-12-23,2023,4,12,December,51,Saturday,1,CUST544,Female,27,25-34,Electronics,1,25,25,7.5,30.0
602,2023-12-23,2023,4,12,December,51,Saturday,1,CUST602,Female,20,18-24,Electronics,1,300,300,90.0,30.0
615,2023-12-23,2023,4,12,December,51,Saturday,1,CUST615,Female,61,55+,Clothing,4,25,100,30.0,30.0
678,2023-12-23,2023,4,12,December,51,Saturday,1,CUST678,Female,60,55+,Electronics,3,300,900,270.0,30.0
781,2023-12-23,2023,4,12,December,51,Saturday,1,CUST781,Male,35,35-44,Beauty,1,500,500,150.0,30.0
34,2023-12-24,2023,4,12,December,51,Sunday,1,CUST034,Female,51,45-54,Clothing,3,50,150,45.0,30.0
916,2023-12-24,2023,4,12,December,51,Sunday,1,CUST916,Female,32,25-34,Electronics,1,50,50,15.0,30.0
757,2023-12-25,2023,4,12,December,52,Monday,0,CUST757,Female,43,35-44,Electronics,4,300,1200,360.0,30.0
25,2023-12-26,2023,4,12,December,52,Tuesday,0,CUST025,Female,64,55+,Beauty,1,50,50,15.0,30.0
82,2023-12-26,2023,4,12,December,52,Tuesday,0,CUST082,Female,32,25-34,Beauty,4,50,200,60.0,30.0
472,2023-12-26,2023,4,12,December,52,Tuesday,0,CUST472,Female,38,35-44,Beauty,3,300,900,270.0,30.0
842,2023-12-26,2023,4,12,December,52,Tuesday,0,CUST842,Female,47,45-54,Clothing,2,300,600,180.0,30.0
879,2023-12-26,2023,4,12,December,52,Tuesday,0,CUST879,Male,23,18-24,Clothing,1,30,30,9.0,30.0
991,2023-12-26,2023,4,12,December,52,Tuesday,0,CUST991,Female,34,25-34,Clothing,2,50,100,30.0,30.0
62,2023-12-27,2023,4,12,December,52,Wednesday,0,CUST062,Male,18,18-24,Beauty,2,50,100,30.0,30.0
386,2023-12-27,2023,4,12,December,52,Wednesday,0,CUST386,Female,54,45-54,Electronics,2,300,600,180.0,30.0
429,2023-12-28,2023,4,12,December,52,Thursday,0,CUST429,Male,64,55+,Electronics,2,25,50,15.0,30.0
664,2023-12-28,2023,4,12,December,52,Thursday,0,CUST664,Female,44,35-44,Clothing,4,500,2000,600.0,30.0
989,2023-12-28,2023,4,12,December,52,Thursday,0,CUST989,Female,44,35-44,Electronics,1,25,25,7.5,30.0
233,2023-12-29,2023,4,12,December,52,Friday,0,CUST233,Female,51,45-54,Beauty,2,300,600,180.0,30.0
520,2023-12-29,2023,4,12,December,52,Friday,0,CUST520,Female,49,45-54,Electronics,4,25,100,30.0,30.0
805,2023-12-29,2023,4,12,December,52,Friday,0,CUST805,Female,30,25-34,Beauty,3,500,1500,450.0,30.0
908,2023-12-29,2023,4,12,December,52,Friday,0,CUST908,Male,46,45-54,Beauty,4,300,1200,360.0,30.0
857,2023-12-31,2023,4,12,December,52,Sunday,1,CUST857,Male,60,55+,Electronics,2,25,50,15.0,30.0
211,2024-01-01,2024,1,1,January,1,Monday,0,CUST211,Male,42,35-44,Beauty,3,500,1500,450.0,30.0
650,2024-01-01,2024,1,1,January,1,Monday,0,CUST650,Male,55,55+,Electronics,1,30,30,9.0,30.0
