customer_id,gender,age,age_group,region,total_orders,total_spent,avg_order_value,last_purchase_date
CUST001,Male,34,25-34,Andhra Pradesh,1,150,150.0,2023-11-24
CUST002,Female,26,25-34,Goa,1,1000,1000.0,2023-02-27
CUST003,Male,50,45-54,Karnataka,1,30,30.0,2023-01-13
CUST004,Male,37,35-44,Karnataka,1,500,500.0,2023-05-21
CUST005,Male,30,25-34,Andhra Pradesh,1,100,100.0,2023-05-06
CUST006,Female,45,45-54,Andhra Pradesh,1,30,30.0,2023-04-25
CUST007,Male,46,45-54,Andhra Pradesh,1,50,50.0,2023-03-13
CUST008,Male,30,25-34,Goa,1,100,100.0,2023-02-22
CUST009,Male,63,55+,Karnataka,1,600,600.0,2023-12-13
CUST010,Female,52,45-54,Karnataka,1,200,200.0,2023-10-07
CUST011,Male,23,18-24,Andhra Pradesh,1,100,100.0,2023-02-14
CUST012,Male,35,35-44,Goa,1,75,75.0,2023-10-30
CUST013,Male,22,18-24,Goa,1,1500,1500.0,2023-08-05
CUST014,Male,64,55+,Andhra Pradesh,1,120,120.0,2023-01-17
CUST015,Female,42,35-44,Andhra Pradesh,1,2000,2000.0,2023-01-16
CUST016,Male,19,18-24,Andhra Pradesh,1,1500,1500.0,2023-02-17
CUST017,Female,27,25-34,Andhra Pradesh,1,100,100.0,2023-04-22
CUST018,Female,47,45-54,Karnataka,1,50,50.0,2023-04-30
CUST019,Female,62,55+,Karnataka,1,50,50.0,2023-09-16
CUST020,Male,22,18-24,Andhra Pradesh,1,900,900.0,2023-11-05
CUST021,Female,50,45-54,Karnataka,1,500,500.0,2023-01-14
CUST022,Male,18,18-24,Andhra Pradesh,1,100,100.0,2023-10-15
CUST023,Female,35,35-44,Andhra Pradesh,1,120,120.0,2023-04-12
CUST024,Female,49,45-54,Andhra Pradesh,1,300,300.0,2023-11-29
CUST025,Female,64,55+,Karnataka,1,50,50.0,2023-12-26
CUST026,Female,28,25-34,Goa,1,1000,1000.0,2023-10-07
CUST027,Female,38,35-44,Andhra Pradesh,1,50,50.0,2023-08-03
CUST028,Female,43,35-44,Karnataka,1,500,500.0,2023-04-23
CUST029,Female,42,35-44,Karnataka,1,30,30.0,2023-08-18
CUST030,Female,39,35-44,Andhra Pradesh,1,900,900.0,2023-10-29
CUST031,Male,44,35-44,Karnataka,1,1200,1200.0,2023-05-23
CUST032,Male,30,25-34,Andhra Pradesh,1,90,90.0,2023-01-04
CUST033,Female,50,45-54,Andhra Pradesh,1,100,100.0,2023-03-23
CUST034,Female,51,45-54,Goa,1,150,150.0,2023-12-24
CUST035,Female,58,55+,Goa,1,900,900.0,2023-08-05
CUST036,Male,52,45-54,Goa,1,900,900.0,2023-06-24
CUST037,Female,18,18-24,Andhra Pradesh,1,75,75.0,2023-05-23
CUST038,Male,38,35-44,Andhra Pradesh,1,200,200.0,2023-03-21
CUST039,Male,23,18-24,Karnataka,1,120,120.0,2023-04-21
CUST040,Male,45,45-54,Karnataka,1,50,50.0,2023-06-22
CUST041,Male,34,25-34,Andhra Pradesh,1,50,50.0,2023-02-22
CUST042,Male,22,18-24,Karnataka,1,900,900.0,2023-02-17
CUST043,Female,48,45-54,Andhra Pradesh,1,300,300.0,2023-07-14
CUST044,Female,22,18-24,Goa,1,25,25.0,2023-02-19
CUST045,Female,55,55+,Andhra Pradesh,1,30,30.0,2023-07-03
CUST046,Female,20,18-24,Karnataka,1,1200,1200.0,2023-06-26
CUST047,Female,40,35-44,Andhra Pradesh,1,1500,1500.0,2023-11-06
CUST048,Male,54,45-54,Karnataka,1,900,900.0,2023-05-16
CUST049,Female,54,45-54,Karnataka,1,1000,1000.0,2023-01-23
CUST050,Female,27,25-34,Andhra Pradesh,1,75,75.0,2023-08-24
CUST051,Male,27,25-34,Goa,1,75,75.0,2023-10-02
CUST052,Female,36,35-44,Goa,1,300,300.0,2023-03-05
CUST053,Male,34,25-34,Goa,1,100,100.0,2023-07-13
CUST054,Female,38,35-44,Goa,1,1500,1500.0,2023-02-10
CUST055,Male,31,25-34,Karnataka,1,120,120.0,2023-10-10
CUST056,Female,26,25-34,Goa,1,900,900.0,2023-05-31
CUST057,Female,63,55+,Andhra Pradesh,1,30,30.0,2023-11-18
CUST058,Male,18,18-24,Andhra Pradesh,1,1200,1200.0,2023-11-13
CUST059,Male,62,55+,Andhra Pradesh,1,50,50.0,2023-07-05
CUST060,Male,30,25-34,Andhra Pradesh,1,150,150.0,2023-10-23
CUST061,Male,21,18-24,Andhra Pradesh,1,200,200.0,2023-04-09
CUST062,Male,18,18-24,Andhra Pradesh,1,100,100.0,2023-12-27
CUST063,Male,57,55+,Goa,1,50,50.0,2023-02-05
CUST064,Male,49,45-54,Andhra Pradesh,1,100,100.0,2023-01-24
CUST065,Male,51,45-54,Andhra Pradesh,1,2000,2000.0,2023-12-05
CUST066,Female,45,45-54,Karnataka,1,30,30.0,2023-04-27
CUST067,Female,48,45-54,Andhra Pradesh,1,1200,1200.0,2023-05-29
CUST068,Male,25,25-34,Goa,1,300,300.0,2023-02-10
CUST069,Female,56,55+,Andhra Pradesh,1,75,75.0,2023-04-30
CUST070,Female,43,35-44,Goa,1,300,300.0,2023-02-21
CUST071,Female,51,45-54,Goa,1,100,100.0,2023-07-14
CUST072,Female,20,18-24,Andhra Pradesh,1,2000,2000.0,2023-05-23
CUST073,Male,29,25-34,Andhra Pradesh,1,90,90.0,2023-08-21
CUST074,Female,18,18-24,Goa,1,2000,2000.0,2023-11-22
CUST075,Male,61,55+,Karnataka,1,200,200.0,2023-07-06
CUST076,Female,22,18-24,Karnataka,1,100,100.0,2023-03-25
CUST077,Female,47,45-54,Goa,1,100,100.0,2023-07-09
CUST078,Female,47,45-54,Andhra Pradesh,1,1500,1500.0,2023-07-01
CUST079,Male,34,25-34,Andhra Pradesh,1,300,300.0,2023-04-18
CUST080,Female,64,55+,Andhra Pradesh,1,60,60.0,2023-12-10
CUST081,Male,40,35-44,Goa,1,50,50.0,2023-05-17
CUST082,Female,32,25-34,Karnataka,1,200,200.0,2023-12-26
CUST083,Male,54,45-54,Andhra Pradesh,1,100,100.0,2023-12-16
CUST084,Female,38,35-44,Andhra Pradesh,1,90,90.0,2023-11-28
CUST085,Male,31,25-34,Andhra Pradesh,1,150,150.0,2023-02-06
CUST086,Male,19,18-24,Andhra Pradesh,1,90,90.0,2023-11-08
CUST087,Female,28,25-34,Karnataka,1,100,100.0,2023-11-22
CUST088,Male,56,55+,Karnataka,1,500,500.0,2023-03-29
CUST089,Female,55,55+,Goa,1,2000,2000.0,2023-10-01
CUST090,Female,51,45-54,Karnataka,1,30,30.0,2023-05-06
CUST091,Female,55,55+,Andhra Pradesh,1,500,500.0,2023-03-25
CUST092,Female,51,45-54,Karnataka,1,120,120.0,2023-08-25
CUST093,Female,35,35-44,Goa,1,2000,2000.0,2023-07-14
CUST094,Female,47,45-54,Karnataka,1,1000,1000.0,2023-05-19
CUST095,Female,32,25-34,Goa,1,60,60.0,2023-11-24
CUST096,Female,44,35-44,Karnataka,1,600,600.0,2023-12-19
CUST097,Female,51,45-54,Karnataka,1,1000,1000.0,2023-10-13
CUST098,Female,55,55+,Karnataka,1,100,100.0,2023-04-23
CUST099,Female,50,45-54,Andhra Pradesh,1,1200,1200.0,2023-12-17
CUST100,Male,41,35-44,Andhra Pradesh,1,30,30.0,2023-06-16
CUST1000,Male,47,45-54,Karnataka,1,120,120.0,2023-04-12
CUST101,Male,32,25-34,Andhra Pradesh,1,600,600.0,2023-01-29
CUST102,Female,47,45-54,Karnataka,1,50,50.0,2023-04-28
CUST103,Female,59,55+,Andhra Pradesh,1,25,25.0,2023-01-17
CUST104,Female,34,25-34,Karnataka,1,1000,1000.0,2023-06-11
CUST105,Female,22,18-24,Goa,1,500,500.0,2023-07-25
CUST106,Female,46,45-54,Andhra Pradesh,1,50,50.0,2023-05-18
CUST107,Female,21,18-24,Karnataka,1,1200,1200.0,2023-02-03
CUST108,Female,27,25-34,Goa,1,75,75.0,2023-04-19
CUST109,Female,34,25-34,Andhra Pradesh,1,2000,2000.0,2023-10-18
CUST110,Male,27,25-34,Andhra Pradesh,1,900,900.0,2023-06-11
CUST111,Female,34,25-34,Andhra Pradesh,1,1500,1500.0,2023-04-19
CUST112,Male,37,35-44,Andhra Pradesh,1,1500,1500.0,2023-12-02
CUST113,Female,41,35-44,Goa,1,50,50.0,2023-09-13
CUST114,Female,22,18-24,Goa,1,100,100.0,2023-07-22
CUST115,Male,51,45-54,Karnataka,1,1500,1500.0,2023-11-26
CUST116,Female,23,18-24,Goa,1,30,30.0,2023-08-23
CUST117,Male,19,18-24,Goa,1,1000,1000.0,2023-03-15
CUST118,Female,30,25-34,Andhra Pradesh,1,2000,2000.0,2023-05-16
CUST119,Female,60,55+,Goa,1,150,150.0,2023-03-13
CUST120,Male,60,55+,Karnataka,1,50,50.0,2023-05-07
CUST121,Female,28,25-34,Goa,1,200,200.0,2023-10-15
CUST122,Male,64,55+,Goa,1,120,120.0,2023-10-03
CUST123,Female,40,35-44,Andhra Pradesh,1,60,60.0,2023-05-15
CUST124,Male,33,25-34,Andhra Pradesh,1,2000,2000.0,2023-10-27
CUST125,Male,48,45-54,Andhra Pradesh,1,100,100.0,2023-08-08
CUST126,Female,28,25-34,Karnataka,1,90,90.0,2023-10-26
CUST127,Female,33,25-34,Goa,1,50,50.0,2023-07-24
CUST128,Male,25,25-34,Goa,1,500,500.0,2023-07-05
CUST129,Female,21,18-24,Andhra Pradesh,1,600,600.0,2023-04-23
CUST130,Female,57,55+,Karnataka,1,500,500.0,2023-03-12
CUST131,Female,21,18-24,Karnataka,1,600,600.0,2023-09-18
CUST132,Male,42,35-44,Andhra Pradesh,1,200,200.0,2023-09-10
CUST133,Male,20,18-24,Andhra Pradesh,1,900,900.0,2023-02-16
CUST134,Male,49,45-54,Andhra Pradesh,1,50,50.0,2023-01-25
CUST135,Male,20,18-24,Goa,1,50,50.0,2023-02-26
CUST136,Male,44,35-44,Andhra Pradesh,1,600,600.0,2023-03-20
CUST137,Male,46,45-54,Karnataka,1,1000,1000.0,2023-11-18
CUST138,Male,49,45-54,Karnataka,1,200,200.0,2023-03-23
CUST139,Male,36,35-44,Andhra Pradesh,1,2000,2000.0,2023-12-15
CUST140,Male,38,35-44,Goa,1,30,30.0,2023-08-05
CUST141,Female,22,18-24,Goa,1,50,50.0,2023-11-02
CUST142,Male,35,35-44,Andhra Pradesh,1,1200,1200.0,2023-02-02
CUST143,Female,45,45-54,Karnataka,1,50,50.0,2023-07-17
CUST144,Female,59,55+,Andhra Pradesh,1,1500,1500.0,2023-07-15
CUST145,Female,39,35-44,Andhra Pradesh,1,75,75.0,2023-11-02
CUST146,Male,38,35-44,Andhra Pradesh,1,200,200.0,2023-08-28
CUST147,Male,23,18-24,Karnataka,1,300,300.0,2023-09-28
CUST148,Male,18,18-24,Karnataka,1,60,60.0,2023-05-09
CUST149,Male,22,18-24,Andhra Pradesh,1,75,75.0,2023-10-11
CUST150,Female,58,55+,Andhra Pradesh,1,120,120.0,2023-01-06
CUST151,Male,29,25-34,Goa,1,50,50.0,2023-12-15
CUST152,Male,43,35-44,Andhra Pradesh,1,2000,2000.0,2023-02-28
CUST153,Male,63,55+,Andhra Pradesh,1,1000,1000.0,2023-12-16
CUST154,Male,51,45-54,Karnataka,1,900,900.0,2023-10-02
CUST155,Male,31,25-34,Goa,1,2000,2000.0,2023-05-17
CUST156,Female,43,35-44,Andhra Pradesh,1,100,100.0,2023-11-25
CUST157,Male,62,55+,Karnataka,1,2000,2000.0,2023-06-24
CUST158,Female,44,35-44,Goa,1,600,600.0,2023-02-27
CUST159,Male,26,25-34,Andhra Pradesh,1,200,200.0,2023-05-31
CUST160,Female,43,35-44,Karnataka,1,100,100.0,2023-08-11
CUST161,Male,64,55+,Andhra Pradesh,1,1000,1000.0,2023-03-22
CUST162,Male,39,35-44,Karnataka,1,60,60.0,2023-08-21
CUST163,Female,64,55+,Karnataka,1,150,150.0,2023-01-02
CUST164,Female,47,45-54,Karnataka,1,1500,1500.0,2023-05-15
CUST165,Female,60,55+,Andhra Pradesh,1,1200,1200.0,2023-09-14
CUST166,Male,34,25-34,Goa,1,2000,2000.0,2023-04-02
CUST167,Female,43,35-44,Andhra Pradesh,1,150,150.0,2023-09-17
CUST168,Male,53,45-54,Andhra Pradesh,1,300,300.0,2023-02-24
CUST169,Male,18,18-24,Andhra Pradesh,1,1500,1500.0,2023-11-17
CUST170,Female,25,25-34,Karnataka,1,50,50.0,2023-06-02
CUST171,Female,52,45-54,Karnataka,1,900,900.0,2023-11-24
CUST172,Male,32,25-34,Andhra Pradesh,1,50,50.0,2023-09-17
CUST173,Male,64,55+,Karnataka,1,120,120.0,2023-11-08
CUST174,Female,39,35-44,Andhra Pradesh,1,300,300.0,2023-04-12
CUST175,Female,31,25-34,Karnataka,1,100,100.0,2023-03-20
CUST176,Female,43,35-44,Andhra Pradesh,1,100,100.0,2023-07-11
CUST177,Male,45,45-54,Karnataka,1,100,100.0,2023-03-24
CUST178,Male,40,35-44,Andhra Pradesh,1,60,60.0,2023-10-04
CUST179,Male,31,25-34,Goa,1,300,300.0,2023-09-29
CUST180,Male,41,35-44,Andhra Pradesh,1,900,900.0,2023-01-01
CUST181,Male,19,18-24,Andhra Pradesh,1,1200,1200.0,2023-11-03
CUST182,Male,62,55+,Andhra Pradesh,1,120,120.0,2023-06-15
CUST183,Female,43,35-44,Goa,1,900,900.0,2023-09-08
CUST184,Male,31,25-34,Goa,1,200,200.0,2023-01-10
CUST185,Male,24,18-24,Andhra Pradesh,1,25,25.0,2023-02-27
CUST186,Male,20,18-24,Karnataka,1,200,200.0,2023-07-05
CUST187,Female,64,55+,Goa,1,100,100.0,2023-06-07
CUST188,Male,40,35-44,Karnataka,1,75,75.0,2023-05-03
CUST189,Male,63,55+,Karnataka,1,50,50.0,2023-01-30
CUST190,Female,60,55+,Andhra Pradesh,1,90,90.0,2023-05-04
CUST191,Male,64,55+,Andhra Pradesh,1,25,25.0,2023-10-18
CUST192,Male,62,55+,Goa,1,100,100.0,2023-02-10
CUST193,Male,35,35-44,Goa,1,1500,1500.0,2023-02-13
CUST194,Male,55,55+,Karnataka,1,200,200.0,2023-09-06
CUST195,Male,52,45-54,Andhra Pradesh,1,30,30.0,2023-02-05
CUST196,Female,32,25-34,Andhra Pradesh,1,900,900.0,2023-09-30
CUST197,Female,42,35-44,Karnataka,1,200,200.0,2023-03-06
CUST198,Female,54,45-54,Goa,1,900,900.0,2023-03-07
CUST199,Male,45,45-54,Goa,1,1500,1500.0,2023-12-04
CUST200,Male,27,25-34,Goa,1,150,150.0,2023-09-01
CUST201,Male,56,55+,Karnataka,1,25,25.0,2023-10-09
CUST202,Female,34,25-34,Andhra Pradesh,1,1200,1200.0,2023-03-26
CUST203,Male,56,55+,Andhra Pradesh,1,1000,1000.0,2023-05-16
CUST204,Male,39,35-44,Goa,1,25,25.0,2023-09-28
CUST205,Female,43,35-44,Karnataka,1,25,25.0,2023-11-07
CUST206,Male,61,55+,Andhra Pradesh,1,25,25.0,2023-08-05
CUST207,Female,42,35-44,Andhra Pradesh,1,50,50.0,2023-04-19
CUST208,Female,34,25-34,Karnataka,1,200,200.0,2023-10-04
CUST209,Female,30,25-34,Andhra Pradesh,1,200,200.0,2023-12-20
CUST210,Male,37,35-44,Andhra Pradesh,1,200,200.0,2023-04-13
CUST211,Male,42,35-44,Karnataka,1,1500,1500.0,2024-01-01
CUST212,Male,21,18-24,Karnataka,1,1500,1500.0,2023-06-09
CUST213,Male,27,25-34,Karnataka,1,1500,1500.0,2023-07-24
CUST214,Male,20,18-24,Andhra Pradesh,1,60,60.0,2023-12-10
CUST215,Male,58,55+,Karnataka,1,1500,1500.0,2023-11-29
CUST216,Male,62,55+,Andhra Pradesh,1,100,100.0,2023-07-11
CUST217,Female,35,35-44,Andhra Pradesh,1,200,200.0,2023-08-13
CUST218,Male,64,55+,Karnataka,1,90,90.0,2023-09-22
CUST219,Female,53,45-54,Karnataka,1,90,90.0,2023-08-20
CUST220,Male,64,55+,Goa,1,500,500.0,2023-03-03
CUST221,Male,39,35-44,Karnataka,1,600,600.0,2023-05-07
CUST222,Male,51,45-54,Karnataka,1,120,120.0,2023-04-26
CUST223,Female,64,55+,Andhra Pradesh,1,25,25.0,2023-02-02
CUST224,Female,25,25-34,Andhra Pradesh,1,50,50.0,2023-06-23
CUST225,Female,57,55+,Andhra Pradesh,1,100,100.0,2023-01-11
CUST226,Female,61,55+,Andhra Pradesh,1,50,50.0,2023-10-29
CUST227,Male,36,35-44,Goa,1,100,100.0,2023-10-11
CUST228,Female,59,55+,Andhra Pradesh,1,60,60.0,2023-04-28
CUST229,Male,58,55+,Goa,1,90,90.0,2023-10-29
CUST230,Male,54,45-54,Karnataka,1,25,25.0,2023-04-23
CUST231,Female,23,18-24,Goa,1,150,150.0,2023-01-04
CUST232,Female,43,35-44,Karnataka,1,25,25.0,2023-02-06
CUST233,Female,51,45-54,Karnataka,1,600,600.0,2023-12-29
CUST234,Female,62,55+,Karnataka,1,50,50.0,2023-11-20
CUST235,Female,23,18-24,Andhra Pradesh,1,1000,1000.0,2023-01-31
CUST236,Female,54,45-54,Karnataka,1,25,25.0,2023-04-28
CUST237,Female,50,45-54,Andhra Pradesh,1,1000,1000.0,2023-02-04
CUST238,Female,39,35-44,Andhra Pradesh,1,500,500.0,2023-01-17
CUST239,Male,38,35-44,Karnataka,1,1500,1500.0,2023-06-19
CUST240,Female,23,18-24,Andhra Pradesh,1,300,300.0,2023-02-06
CUST241,Female,23,18-24,Goa,1,75,75.0,2023-09-21
CUST242,Male,21,18-24,Goa,1,25,25.0,2023-05-02
CUST243,Female,47,45-54,Goa,1,900,900.0,2023-05-23
CUST244,Male,28,25-34,Andhra Pradesh,1,100,100.0,2023-12-09
CUST245,Male,47,45-54,Andhra Pradesh,1,90,90.0,2023-09-06
CUST246,Female,48,45-54,Goa,1,50,50.0,2023-04-20
CUST247,Male,41,35-44,Karnataka,1,60,60.0,2023-10-04
CUST248,Male,26,25-34,Goa,1,900,900.0,2023-03-09
CUST249,Male,20,18-24,Goa,1,50,50.0,2023-10-20
CUST250,Male,48,45-54,Goa,1,50,50.0,2023-10-23
CUST251,Female,57,55+,Andhra Pradesh,1,200,200.0,2023-08-31
CUST252,Male,54,45-54,Andhra Pradesh,1,300,300.0,2023-05-05
CUST253,Female,53,45-54,Goa,1,2000,2000.0,2023-08-31
CUST254,Male,41,35-44,Andhra Pradesh,1,500,500.0,2023-07-28
CUST255,Male,48,45-54,Andhra Pradesh,1,30,30.0,2023-04-08
CUST256,Male,23,18-24,Karnataka,1,1000,1000.0,2023-02-18
CUST257,Male,19,18-24,Goa,1,2000,2000.0,2023-02-19
CUST258,Female,37,35-44,Karnataka,1,50,50.0,2023-12-04
CUST259,Female,45,45-54,Karnataka,1,200,200.0,2023-08-09
CUST260,Male,28,25-34,Andhra Pradesh,1,60,60.0,2023-07-01
CUST261,Male,21,18-24,Karnataka,1,50,50.0,2023-08-05
CUST262,Female,32,25-34,Goa,1,120,120.0,2023-07-30
CUST263,Male,23,18-24,Andhra Pradesh,1,60,60.0,2023-08-28
CUST264,Male,47,45-54,Karnataka,1,900,900.0,2023-01-28
CUST265,Male,55,55+,Goa,1,900,900.0,2023-12-11
CUST266,Female,19,18-24,Karnataka,1,60,60.0,2023-12-01
CUST267,Female,32,25-34,Karnataka,1,90,90.0,2023-11-27
CUST268,Female,28,25-34,Karnataka,1,30,30.0,2023-02-20
CUST269,Male,25,25-34,Andhra Pradesh,1,2000,2000.0,2023-02-01
CUST270,Male,43,35-44,Andhra Pradesh,1,300,300.0,2023-07-26
CUST271,Female,62,55+,Goa,1,120,120.0,2023-06-23
CUST272,Female,61,55+,Goa,1,100,100.0,2023-02-25
CUST273,Female,22,18-24,Goa,1,50,50.0,2023-05-08
CUST274,Female,23,18-24,Goa,1,1000,1000.0,2023-04-09
CUST275,Male,43,35-44,Karnataka,1,1000,1000.0,2023-04-08
CUST276,Female,21,18-24,Karnataka,1,100,100.0,2023-10-02
CUST277,Male,36,35-44,Goa,1,100,100.0,2023-08-18
CUST278,Female,37,35-44,Karnataka,1,100,100.0,2023-03-13
CUST279,Male,50,45-54,Karnataka,1,500,500.0,2023-08-05
CUST280,Female,37,35-44,Goa,1,1500,1500.0,2023-04-04
CUST281,Female,29,25-34,Goa,1,2000,2000.0,2023-05-23
CUST282,Female,64,55+,Andhra Pradesh,1,200,200.0,2023-08-25
CUST283,Female,18,18-24,Andhra Pradesh,1,500,500.0,2023-05-08
CUST284,Male,43,35-44,Andhra Pradesh,1,200,200.0,2023-02-08
CUST285,Female,31,25-34,Karnataka,1,25,25.0,2023-08-15
CUST286,Male,55,55+,Andhra Pradesh,1,50,50.0,2023-10-09
CUST287,Male,54,45-54,Karnataka,1,100,100.0,2023-02-20
CUST288,Male,28,25-34,Karnataka,1,120,120.0,2023-01-26
CUST289,Male,53,45-54,Andhra Pradesh,1,60,60.0,2023-11-30
CUST290,Female,30,25-34,Karnataka,1,600,600.0,2023-10-04
CUST291,Male,60,55+,Andhra Pradesh,1,600,600.0,2023-01-08
CUST292,Male,20,18-24,Andhra Pradesh,1,1200,1200.0,2023-02-17
CUST293,Male,50,45-54,Goa,1,90,90.0,2023-05-02
CUST294,Female,23,18-24,Andhra Pradesh,1,90,90.0,2023-03-27
CUST295,Female,27,25-34,Andhra Pradesh,1,900,900.0,2023-07-28
CUST296,Female,22,18-24,Karnataka,1,1200,1200.0,2023-09-06
CUST297,Female,40,35-44,Goa,1,1000,1000.0,2023-09-04
CUST298,Male,27,25-34,Andhra Pradesh,1,1200,1200.0,2023-04-20
CUST299,Male,61,55+,Karnataka,1,1000,1000.0,2023-07-25
CUST300,Female,19,18-24,Andhra Pradesh,1,200,200.0,2023-01-31
CUST301,Male,30,25-34,Andhra Pradesh,1,120,120.0,2023-03-26
CUST302,Male,57,55+,Karnataka,1,600,600.0,2023-07-14
CUST303,Male,19,18-24,Karnataka,1,90,90.0,2023-01-02
CUST304,Female,37,35-44,Karnataka,1,60,60.0,2023-07-19
CUST305,Female,18,18-24,Karnataka,1,30,30.0,2023-05-16
CUST306,Male,54,45-54,Goa,1,50,50.0,2023-08-21
CUST307,Female,26,25-34,Karnataka,1,50,50.0,2023-05-27
CUST308,Female,34,25-34,Andhra Pradesh,1,1200,1200.0,2023-08-05
CUST309,Female,26,25-34,Goa,1,25,25.0,2023-12-23
CUST310,Female,28,25-34,Andhra Pradesh,1,25,25.0,2023-10-12
CUST311,Female,32,25-34,Karnataka,1,100,100.0,2023-12-05
CUST312,Male,41,35-44,Andhra Pradesh,1,120,120.0,2023-09-07
CUST313,Female,55,55+,Andhra Pradesh,1,1500,1500.0,2023-03-21
CUST314,Male,52,45-54,Goa,1,120,120.0,2023-04-08
CUST315,Male,47,45-54,Goa,1,60,60.0,2023-06-01
CUST316,Female,48,45-54,Karnataka,1,50,50.0,2023-04-22
CUST317,Male,22,18-24,Karnataka,1,90,90.0,2023-01-30
CUST318,Male,61,55+,Andhra Pradesh,1,25,25.0,2023-10-24
CUST319,Male,31,25-34,Andhra Pradesh,1,500,500.0,2023-10-05
CUST320,Female,28,25-34,Andhra Pradesh,1,1200,1200.0,2023-02-01
CUST321,Female,26,25-34,Karnataka,1,50,50.0,2023-06-10
CUST322,Male,51,45-54,Karnataka,1,500,500.0,2023-01-30
CUST323,Female,29,25-34,Karnataka,1,900,900.0,2023-01-26
CUST324,Female,52,45-54,Andhra Pradesh,1,150,150.0,2023-10-27
CUST325,Female,52,45-54,Goa,1,50,50.0,2023-09-02
CUST326,Female,18,18-24,Karnataka,1,75,75.0,2023-09-15
CUST327,Male,57,55+,Karnataka,1,150,150.0,2023-09-29
CUST328,Male,39,35-44,Karnataka,1,100,100.0,2023-03-22
CUST329,Female,46,45-54,Karnataka,1,100,100.0,2023-01-30
CUST330,Female,25,25-34,Andhra Pradesh,1,200,200.0,2023-09-18
CUST331,Male,28,25-34,Andhra Pradesh,1,90,90.0,2023-02-11
CUST332,Male,58,55+,Goa,1,1200,1200.0,2023-04-06
CUST333,Female,54,45-54,Andhra Pradesh,1,1200,1200.0,2023-02-05
CUST334,Male,31,25-34,Andhra Pradesh,1,900,900.0,2023-11-01
CUST335,Female,47,45-54,Andhra Pradesh,1,120,120.0,2023-02-04
CUST336,Female,52,45-54,Andhra Pradesh,1,150,150.0,2023-12-12
CUST337,Male,38,35-44,Goa,1,500,500.0,2023-05-01
CUST338,Male,54,45-54,Karnataka,1,100,100.0,2023-07-26
CUST339,Female,22,18-24,Karnataka,1,50,50.0,2023-03-03
CUST340,Female,36,35-44,Andhra Pradesh,1,1200,1200.0,2023-10-19
CUST341,Male,31,25-34,Karnataka,1,200,200.0,2023-05-07
CUST342,Female,43,35-44,Karnataka,1,2000,2000.0,2023-10-24
CUST343,Male,21,18-24,Andhra Pradesh,1,50,50.0,2023-11-01
CUST344,Female,42,35-44,Karnataka,1,30,30.0,2023-01-21
CUST345,Male,62,55+,Andhra Pradesh,1,30,30.0,2023-11-14
CUST346,Male,59,55+,Karnataka,1,1000,1000.0,2023-02-11
CUST347,Male,42,35-44,Karnataka,1,25,25.0,2023-08-03
CUST348,Female,35,35-44,Andhra Pradesh,1,600,600.0,2023-12-03
CUST349,Female,57,55+,Andhra Pradesh,1,50,50.0,2023-10-26
CUST350,Male,25,25-34,Karnataka,1,75,75.0,2023-10-17
CUST351,Female,56,55+,Karnataka,1,90,90.0,2023-09-25
CUST352,Male,57,55+,Goa,1,1000,1000.0,2023-06-11
CUST353,Male,31,25-34,Karnataka,1,500,500.0,2023-05-14
CUST354,Female,49,45-54,Andhra Pradesh,1,200,200.0,2023-04-15
CUST355,Female,55,55+,Andhra Pradesh,1,500,500.0,2023-12-09
CUST356,Male,50,45-54,Karnataka,1,1500,1500.0,2023-06-10
CUST357,Female,40,35-44,Andhra Pradesh,1,75,75.0,2023-05-03
CUST358,Female,32,25-34,Karnataka,1,300,300.0,2023-05-16
CUST359,Male,50,45-54,Goa,1,50,50.0,2023-07-22
CUST360,Male,42,35-44,Karnataka,1,100,100.0,2023-03-09
CUST361,Female,34,25-34,Andhra Pradesh,1,1200,1200.0,2023-12-10
CUST362,Male,50,45-54,Karnataka,1,25,25.0,2023-11-27
CUST363,Male,64,55+,Karnataka,1,25,25.0,2023-06-03
CUST364,Female,19,18-24,Karnataka,1,500,500.0,2023-08-23
CUST365,Male,31,25-34,Goa,1,300,300.0,2023-06-11
CUST366,Male,57,55+,Andhra Pradesh,1,100,100.0,2023-02-07
CUST367,Female,57,55+,Goa,1,50,50.0,2023-01-05
CUST368,Female,56,55+,Goa,1,1200,1200.0,2023-08-23
CUST369,Male,23,18-24,Andhra Pradesh,1,1500,1500.0,2023-11-15
CUST370,Male,23,18-24,Andhra Pradesh,1,60,60.0,2023-10-16
CUST371,Female,20,18-24,Andhra Pradesh,1,25,25.0,2023-02-21
CUST372,Female,24,18-24,Andhra Pradesh,1,1500,1500.0,2023-02-07
CUST373,Female,25,25-34,Andhra Pradesh,1,600,600.0,2023-10-03
CUST374,Female,59,55+,Karnataka,1,75,75.0,2023-04-20
CUST375,Male,32,25-34,Andhra Pradesh,1,50,50.0,2023-09-17
CUST376,Female,64,55+,Andhra Pradesh,1,30,30.0,2023-05-16
CUST377,Female,46,45-54,Goa,1,200,200.0,2023-03-09
CUST378,Male,50,45-54,Andhra Pradesh,1,300,300.0,2023-06-28
CUST379,Female,47,45-54,Goa,1,25,25.0,2023-02-05
CUST380,Male,56,55+,Andhra Pradesh,1,600,600.0,2023-05-06
CUST381,Female,44,35-44,Andhra Pradesh,1,100,100.0,2023-07-09
CUST382,Female,53,45-54,Karnataka,1,1000,1000.0,2023-05-26
CUST383,Female,46,45-54,Karnataka,1,90,90.0,2023-03-22
CUST384,Male,55,55+,Goa,1,500,500.0,2023-08-13
CUST385,Male,50,45-54,Karnataka,1,1500,1500.0,2023-10-06
CUST386,Female,54,45-54,Goa,1,600,600.0,2023-12-27
CUST387,Male,44,35-44,Andhra Pradesh,1,30,30.0,2023-06-04
CUST388,Male,50,45-54,Andhra Pradesh,1,25,25.0,2023-11-10
CUST389,Male,21,18-24,Goa,1,50,50.0,2023-12-01
CUST390,Male,39,35-44,Goa,1,100,100.0,2023-09-28
CUST391,Male,19,18-24,Goa,1,50,50.0,2023-01-05
CUST392,Male,27,25-34,Karnataka,1,600,600.0,2023-12-08
CUST393,Female,22,18-24,Andhra Pradesh,1,1000,1000.0,2023-10-11
CUST394,Female,27,25-34,Goa,1,500,500.0,2023-06-03
CUST395,Male,50,45-54,Andhra Pradesh,1,1000,1000.0,2023-12-06
CUST396,Female,55,55+,Goa,1,30,30.0,2023-02-23
CUST397,Female,30,25-34,Goa,1,25,25.0,2023-03-10
CUST398,Female,48,45-54,Karnataka,1,600,600.0,2023-05-16
CUST399,Female,64,55+,Goa,1,60,60.0,2023-03-01
CUST400,Male,53,45-54,Goa,1,200,200.0,2023-02-24
CUST401,Female,62,55+,Andhra Pradesh,1,300,300.0,2023-10-11
CUST402,Female,41,35-44,Goa,1,600,600.0,2023-03-21
CUST403,Male,32,25-34,Karnataka,1,600,600.0,2023-05-20
CUST404,Male,46,45-54,Goa,1,1000,1000.0,2023-05-25
CUST405,Female,25,25-34,Andhra Pradesh,1,1200,1200.0,2023-11-06
CUST406,Female,22,18-24,Goa,1,100,100.0,2023-04-18
CUST407,Female,46,45-54,Andhra Pradesh,1,900,900.0,2023-06-25
CUST408,Female,64,55+,Andhra Pradesh,1,500,500.0,2023-04-15
CUST409,Female,21,18-24,Goa,1,900,900.0,2023-12-18
CUST410,Female,29,25-34,Andhra Pradesh,1,100,100.0,2023-11-21
CUST411,Male,62,55+,Andhra Pradesh,1,200,200.0,2023-05-16
CUST412,Female,19,18-24,Goa,1,2000,2000.0,2023-09-16
CUST413,Female,44,35-44,Goa,1,75,75.0,2023-09-08
CUST414,Male,48,45-54,Karnataka,1,100,100.0,2023-05-09
CUST415,Male,53,45-54,Karnataka,1,60,60.0,2023-01-27
CUST416,Male,53,45-54,Karnataka,1,2000,2000.0,2023-02-17
CUST417,Male,43,35-44,Andhra Pradesh,1,900,900.0,2023-11-21
CUST418,Female,60,55+,Andhra Pradesh,1,1000,1000.0,2023-08-05
CUST419,Female,44,35-44,Karnataka,1,90,90.0,2023-05-22
CUST420,Female,22,18-24,Goa,1,2000,2000.0,2023-01-23
CUST421,Female,37,35-44,Goa,1,1500,1500.0,2023-01-02
CUST422,Female,28,25-34,Goa,1,90,90.0,2023-06-20
CUST423,Female,27,25-34,Andhra Pradesh,1,25,25.0,2023-03-08
CUST424,Male,57,55+,Karnataka,1,1200,1200.0,2023-11-23
CUST425,Female,55,55+,Andhra Pradesh,1,120,120.0,2023-05-15
CUST426,Male,23,18-24,Karnataka,1,150,150.0,2023-03-24
CUST427,Male,25,25-34,Karnataka,1,25,25.0,2023-08-15
CUST428,Female,40,35-44,Goa,1,200,200.0,2023-10-10
CUST429,Male,64,55+,Andhra Pradesh,1,50,50.0,2023-12-28
CUST430,Female,43,35-44,Andhra Pradesh,1,900,900.0,2023-08-07
CUST431,Male,63,55+,Andhra Pradesh,1,1200,1200.0,2023-10-15
CUST432,Female,60,55+,Goa,1,1000,1000.0,2023-01-05
CUST433,Male,29,25-34,Karnataka,1,200,200.0,2023-02-27
CUST434,Female,43,35-44,Andhra Pradesh,1,50,50.0,2023-02-08
CUST435,Female,30,25-34,Andhra Pradesh,1,900,900.0,2023-12-20
CUST436,Female,57,55+,Karnataka,1,120,120.0,2023-03-18
CUST437,Female,35,35-44,Andhra Pradesh,1,1200,1200.0,2023-10-07
CUST438,Female,42,35-44,Goa,1,30,30.0,2023-01-19
CUST439,Male,50,45-54,Karnataka,1,75,75.0,2023-07-09
CUST440,Male,64,55+,Andhra Pradesh,1,600,600.0,2023-10-26
CUST441,Male,57,55+,Andhra Pradesh,1,1200,1200.0,2023-10-10
CUST442,Female,60,55+,Goa,1,100,100.0,2023-03-17
CUST443,Male,29,25-34,Andhra Pradesh,1,600,600.0,2023-08-09
CUST444,Female,61,55+,Andhra Pradesh,1,90,90.0,2023-03-07
CUST445,Female,53,45-54,Goa,1,300,300.0,2023-01-22
CUST446,Male,21,18-24,Goa,1,50,50.0,2023-06-07
CUST447,Male,22,18-24,Goa,1,2000,2000.0,2023-07-06
CUST448,Female,54,45-54,Goa,1,60,60.0,2023-01-21
CUST449,Male,25,25-34,Andhra Pradesh,1,200,200.0,2023-07-03
CUST450,Female,59,55+,Andhra Pradesh,1,50,50.0,2023-04-18
CUST451,Female,45,45-54,Goa,1,30,30.0,2023-12-16
CUST452,Female,48,45-54,Karnataka,1,1500,1500.0,2023-05-08
CUST453,Female,26,25-34,Karnataka,1,1000,1000.0,2023-12-08
CUST454,Female,46,45-54,Goa,1,25,25.0,2023-02-22
CUST455,Male,31,25-34,Andhra Pradesh,1,100,100.0,2023-07-01
CUST456,Male,57,55+,Karnataka,1,60,60.0,2023-10-14
CUST457,Female,58,55+,Andhra Pradesh,1,900,900.0,2023-07-28
CUST458,Female,39,35-44,Karnataka,1,100,100.0,2023-11-14
CUST459,Male,28,25-34,Andhra Pradesh,1,1200,1200.0,2023-03-21
CUST460,Male,40,35-44,Andhra Pradesh,1,50,50.0,2023-05-02
CUST461,Female,18,18-24,Andhra Pradesh,1,1000,1000.0,2023-03-25
CUST462,Male,63,55+,Karnataka,1,1200,1200.0,2023-04-01
CUST463,Female,54,45-54,Karnataka,1,1500,1500.0,2023-07-31
CUST464,Male,38,35-44,Karnataka,1,600,600.0,2023-01-13
CUST465,Female,43,35-44,Goa,1,150,150.0,2023-04-02
CUST466,Male,63,55+,Andhra Pradesh,1,100,100.0,2023-06-20
CUST467,Female,53,45-54,Andhra Pradesh,1,150,150.0,2023-07-30
CUST468,Male,40,35-44,Goa,1,25,25.0,2023-12-09
CUST469,Male,18,18-24,Andhra Pradesh,1,75,75.0,2023-05-08
CUST470,Female,57,55+,Goa,1,1000,1000.0,2023-05-17
CUST471,Male,32,25-34,Andhra Pradesh,1,150,150.0,2023-03-23
CUST472,Female,38,35-44,Goa,1,900,900.0,2023-12-26
CUST473,Male,64,55+,Andhra Pradesh,1,50,50.0,2023-02-25
CUST474,Female,26,25-34,Goa,1,1500,1500.0,2023-07-15
CUST475,Male,26,25-34,Karnataka,1,75,75.0,2023-01-20
CUST476,Female,27,25-34,Goa,1,2000,2000.0,2023-08-29
CUST477,Male,43,35-44,Andhra Pradesh,1,120,120.0,2023-04-24
CUST478,Female,58,55+,Karnataka,1,60,60.0,2023-04-13
CUST479,Male,52,45-54,Goa,1,1200,1200.0,2023-08-24
CUST480,Female,42,35-44,Karnataka,1,2000,2000.0,2023-06-29
CUST481,Female,43,35-44,Karnataka,1,1200,1200.0,2023-06-06
CUST482,Female,28,25-34,Karnataka,1,1200,1200.0,2023-04-27
CUST483,Male,55,55+,Karnataka,1,30,30.0,2023-04-25
CUST484,Female,19,18-24,Karnataka,1,1200,1200.0,2023-01-13
CUST485,Male,24,18-24,Karnataka,1,30,30.0,2023-12-04
CUST486,Female,35,35-44,Goa,1,25,25.0,2023-04-09
CUST487,Male,44,35-44,Andhra Pradesh,1,2000,2000.0,2023-07-24
CUST488,Female,51,45-54,Andhra Pradesh,1,900,900.0,2023-06-18
CUST489,Male,44,35-44,Goa,1,30,30.0,2023-05-23
CUST490,Male,34,25-34,Goa,1,150,150.0,2023-02-05
CUST491,Female,60,55+,Karnataka,1,900,900.0,2023-05-23
CUST492,Male,61,55+,Karnataka,1,100,100.0,2023-06-29
CUST493,Male,41,35-44,Andhra Pradesh,1,50,50.0,2023-11-25
CUST494,Female,42,35-44,Andhra Pradesh,1,200,200.0,2023-09-18
CUST495,Male,24,18-24,Karnataka,1,60,60.0,2023-07-24
CUST496,Male,23,18-24,Andhra Pradesh,1,600,600.0,2023-12-14
CUST497,Male,41,35-44,Karnataka,1,120,120.0,2023-10-02
CUST498,Female,50,45-54,Andhra Pradesh,1,100,100.0,2023-06-19
CUST499,Male,46,45-54,Goa,1,60,60.0,2023-01-15
CUST500,Female,60,55+,Goa,1,100,100.0,2023-03-01
CUST501,Male,39,35-44,Karnataka,1,60,60.0,2023-05-14
CUST502,Male,43,35-44,Karnataka,1,150,150.0,2023-04-02
CUST503,Male,45,45-54,Andhra Pradesh,1,2000,2000.0,2023-10-25
CUST504,Female,38,35-44,Goa,1,150,150.0,2023-05-16
CUST505,Male,24,18-24,Karnataka,1,50,50.0,2023-01-20
CUST506,Male,34,25-34,Andhra Pradesh,1,1500,1500.0,2023-02-25
CUST507,Female,37,35-44,Goa,1,1500,1500.0,2023-11-02
CUST508,Male,58,55+,Goa,1,600,600.0,2023-08-11
CUST509,Female,37,35-44,Goa,1,900,900.0,2023-06-26
CUST510,Female,39,35-44,Karnataka,1,200,200.0,2023-06-10
CUST511,Male,45,45-54,Karnataka,1,100,100.0,2023-08-12
CUST512,Female,57,55+,Karnataka,1,25,25.0,2023-11-07
CUST513,Male,24,18-24,Goa,1,100,100.0,2023-09-19
CUST514,Female,18,18-24,Goa,1,300,300.0,2023-03-01
CUST515,Female,49,45-54,Andhra Pradesh,1,900,900.0,2023-07-17
CUST516,Male,30,25-34,Andhra Pradesh,1,100,100.0,2023-10-23
CUST517,Female,47,45-54,Andhra Pradesh,1,100,100.0,2023-04-08
CUST518,Female,40,35-44,Goa,1,30,30.0,2023-05-11
CUST519,Female,36,35-44,Goa,1,120,120.0,2023-01-23
CUST520,Female,49,45-54,Andhra Pradesh,1,100,100.0,2023-12-29
CUST521,Female,47,45-54,Karnataka,1,120,120.0,2023-08-12
CUST522,Male,46,45-54,Andhra Pradesh,1,1500,1500.0,2023-01-01
CUST523,Female,62,55+,Goa,1,300,300.0,2023-09-24
CUST524,Male,46,45-54,Goa,1,1200,1200.0,2023-10-03
CUST525,Female,47,45-54,Goa,1,50,50.0,2023-12-18
CUST526,Male,33,25-34,Karnataka,1,100,100.0,2023-12-10
CUST527,Male,57,55+,Karnataka,1,50,50.0,2023-04-11
CUST528,Female,36,35-44,Andhra Pradesh,1,60,60.0,2023-07-06
CUST529,Female,35,35-44,Andhra Pradesh,1,150,150.0,2023-08-09
CUST530,Female,18,18-24,Goa,1,120,120.0,2023-02-05
CUST531,Male,31,25-34,Goa,1,500,500.0,2023-12-07
CUST532,Female,64,55+,Goa,1,120,120.0,2023-06-19
CUST533,Male,19,18-24,Goa,1,1500,1500.0,2023-11-16
CUST534,Male,45,45-54,Karnataka,1,1000,1000.0,2023-06-10
CUST535,Male,47,45-54,Goa,1,90,90.0,2023-12-06
CUST536,Female,55,55+,Goa,1,120,120.0,2023-03-05
CUST537,Female,21,18-24,Goa,1,500,500.0,2023-06-03
CUST538,Male,18,18-24,Andhra Pradesh,1,150,150.0,2023-09-17
CUST539,Male,25,25-34,Karnataka,1,500,500.0,2023-06-08
CUST540,Female,46,45-54,Andhra Pradesh,1,900,900.0,2023-12-08
CUST541,Male,56,55+,Goa,1,500,500.0,2023-07-29
CUST542,Female,20,18-24,Karnataka,1,50,50.0,2023-06-17
CUST543,Male,49,45-54,Andhra Pradesh,1,600,600.0,2023-07-26
CUST544,Female,27,25-34,Karnataka,1,25,25.0,2023-12-23
CUST545,Male,27,25-34,Karnataka,1,50,50.0,2023-06-01
CUST546,Female,36,35-44,Andhra Pradesh,1,200,200.0,2023-10-11
CUST547,Male,63,55+,Andhra Pradesh,1,2000,2000.0,2023-03-07
CUST548,Female,51,45-54,Karnataka,1,60,60.0,2023-04-09
CUST549,Female,50,45-54,Karnataka,1,100,100.0,2023-08-04
CUST550,Male,40,35-44,Goa,1,900,900.0,2023-12-07
CUST551,Male,45,45-54,Karnataka,1,900,900.0,2023-07-14
CUST552,Female,49,45-54,Goa,1,75,75.0,2023-12-13
CUST553,Male,24,18-24,Karnataka,1,1200,1200.0,2023-03-31
CUST554,Female,46,45-54,Karnataka,1,150,150.0,2023-11-12
CUST555,Male,25,25-34,Goa,1,300,300.0,2023-10-19
CUST556,Female,18,18-24,Karnataka,1,50,50.0,2023-06-04
CUST557,Female,20,18-24,Andhra Pradesh,1,90,90.0,2023-07-27
CUST558,Female,41,35-44,Andhra Pradesh,1,25,25.0,2023-10-08
CUST559,Female,40,35-44,Goa,1,1200,1200.0,2023-01-01
CUST560,Female,25,25-34,Karnataka,1,50,50.0,2023-06-05
CUST561,Female,64,55+,Karnataka,1,2000,2000.0,2023-05-27
CUST562,Male,54,45-54,Andhra Pradesh,1,50,50.0,2023-04-18
CUST563,Male,20,18-24,Andhra Pradesh,1,60,60.0,2023-08-09
CUST564,Male,50,45-54,Andhra Pradesh,1,100,100.0,2023-10-24
CUST565,Female,45,45-54,Andhra Pradesh,1,60,60.0,2023-11-07
CUST566,Female,64,55+,Karnataka,1,30,30.0,2023-12-02
CUST567,Female,25,25-34,Andhra Pradesh,1,900,900.0,2023-06-14
CUST568,Female,51,45-54,Karnataka,1,300,300.0,2023-08-27
CUST569,Male,52,45-54,Goa,1,200,200.0,2023-08-15
CUST570,Male,49,45-54,Andhra Pradesh,1,500,500.0,2023-08-15
CUST571,Female,41,35-44,Karnataka,1,50,50.0,2023-12-12
CUST572,Male,31,25-34,Goa,1,2000,2000.0,2023-04-20
CUST573,Male,49,45-54,Andhra Pradesh,1,60,60.0,2023-09-19
CUST574,Female,63,55+,Karnataka,1,50,50.0,2023-08-31
CUST575,Male,60,55+,Goa,1,100,100.0,2023-03-28
CUST576,Female,33,25-34,Goa,1,150,150.0,2023-12-04
CUST577,Male,21,18-24,Andhra Pradesh,1,2000,2000.0,2023-02-13
CUST578,Female,54,45-54,Goa,1,120,120.0,2023-05-26
CUST579,Female,38,35-44,Karnataka,1,30,30.0,2023-09-21
CUST580,Female,31,25-34,Andhra Pradesh,1,1500,1500.0,2023-12-06
CUST581,Female,48,45-54,Karnataka,1,60,60.0,2023-11-21
CUST582,Male,35,35-44,Goa,1,900,900.0,2023-11-14
CUST583,Female,24,18-24,Karnataka,1,100,100.0,2023-06-21
CUST584,Female,27,25-34,Andhra Pradesh,1,200,200.0,2023-02-17
CUST585,Female,24,18-24,Karnataka,1,25,25.0,2023-05-01
CUST586,Male,50,45-54,Andhra Pradesh,1,50,50.0,2023-12-11
CUST587,Female,40,35-44,Andhra Pradesh,1,1200,1200.0,2023-06-08
CUST588,Male,38,35-44,Andhra Pradesh,1,60,60.0,2023-04-26
CUST589,Female,36,35-44,Andhra Pradesh,1,1000,1000.0,2023-04-12
CUST590,Male,36,35-44,Andhra Pradesh,1,900,900.0,2023-03-17
CUST591,Male,53,45-54,Andhra Pradesh,1,100,100.0,2023-01-13
CUST592,Female,46,45-54,Karnataka,1,2000,2000.0,2023-01-24
CUST593,Male,35,35-44,Andhra Pradesh,1,60,60.0,2023-05-06
CUST594,Female,19,18-24,Andhra Pradesh,1,600,600.0,2023-09-01
CUST595,Female,18,18-24,Goa,1,2000,2000.0,2023-11-09
CUST596,Female,64,55+,Karnataka,1,300,300.0,2023-02-07
CUST597,Male,22,18-24,Karnataka,1,1200,1200.0,2023-08-22
CUST598,Male,37,35-44,Andhra Pradesh,1,120,120.0,2023-08-01
CUST599,Female,28,25-34,Andhra Pradesh,1,100,100.0,2023-11-19
CUST600,Female,59,55+,Andhra Pradesh,1,1000,1000.0,2023-10-22
CUST601,Male,19,18-24,Andhra Pradesh,1,30,30.0,2023-04-10
CUST602,Female,20,18-24,Andhra Pradesh,1,300,300.0,2023-12-23
CUST603,Female,40,35-44,Andhra Pradesh,1,90,90.0,2023-07-16
CUST604,Female,29,25-34,Andhra Pradesh,1,200,200.0,2023-09-11
CUST605,Male,37,35-44,Andhra Pradesh,1,1000,1000.0,2023-07-24
CUST606,Male,22,18-24,Karnataka,1,50,50.0,2023-05-05
CUST607,Male,54,45-54,Andhra Pradesh,1,75,75.0,2023-03-17
CUST608,Female,55,55+,Andhra Pradesh,1,1500,1500.0,2023-12-02
CUST609,Female,47,45-54,Karnataka,1,100,100.0,2023-12-19
CUST610,Female,26,25-34,Karnataka,1,600,600.0,2023-01-03
CUST611,Male,51,45-54,Andhra Pradesh,1,1500,1500.0,2023-02-24
CUST612,Female,61,55+,Goa,1,500,500.0,2023-08-06
CUST613,Female,52,45-54,Karnataka,1,90,90.0,2023-04-23
CUST614,Female,39,35-44,Andhra Pradesh,1,1200,1200.0,2023-04-01
CUST615,Female,61,55+,Goa,1,100,100.0,2023-12-23
CUST616,Male,41,35-44,Goa,1,100,100.0,2023-09-23
CUST617,Male,34,25-34,Andhra Pradesh,1,30,30.0,2023-08-26
CUST618,Female,27,25-34,Andhra Pradesh,1,50,50.0,2023-01-26
CUST619,Male,47,45-54,Goa,1,100,100.0,2023-10-13
CUST620,Male,63,55+,Karnataka,1,75,75.0,2023-05-08
CUST621,Female,40,35-44,Andhra Pradesh,1,1000,1000.0,2023-03-04
CUST622,Female,49,45-54,Andhra Pradesh,1,75,75.0,2023-08-22
CUST623,Male,34,25-34,Andhra Pradesh,1,150,150.0,2023-03-10
CUST624,Female,34,25-34,Karnataka,1,900,900.0,2023-08-26
CUST625,Male,31,25-34,Karnataka,1,300,300.0,2023-12-08
CUST626,Female,26,25-34,Andhra Pradesh,1,2000,2000.0,2023-09-29
CUST627,Male,57,55+,Karnataka,1,50,50.0,2023-10-14
CUST628,Female,19,18-24,Karnataka,1,200,200.0,2023-11-01
CUST629,Male,62,55+,Andhra Pradesh,1,50,50.0,2023-06-12
CUST630,Male,42,35-44,Andhra Pradesh,1,100,100.0,2023-08-15
CUST631,Male,56,55+,Karnataka,1,90,90.0,2023-11-10
CUST632,Female,26,25-34,Goa,1,100,100.0,2023-09-16
CUST633,Male,39,35-44,Karnataka,1,120,120.0,2023-08-07
CUST634,Male,60,55+,Karnataka,1,2000,2000.0,2023-10-08
CUST635,Female,63,55+,Andhra Pradesh,1,900,900.0,2023-08-17
CUST636,Female,21,18-24,Karnataka,1,1500,1500.0,2023-03-23
CUST637,Male,43,35-44,Karnataka,1,600,600.0,2023-09-01
CUST638,Male,46,45-54,Andhra Pradesh,1,500,500.0,2023-08-19
CUST639,Female,62,55+,Andhra Pradesh,1,200,200.0,2023-05-13
CUST640,Female,51,45-54,Andhra Pradesh,1,120,120.0,2023-05-07
CUST641,Female,40,35-44,Andhra Pradesh,1,300,300.0,2023-11-23
CUST642,Female,54,45-54,Andhra Pradesh,1,100,100.0,2023-05-22
CUST643,Female,28,25-34,Andhra Pradesh,1,90,90.0,2023-09-24
CUST644,Male,23,18-24,Andhra Pradesh,1,75,75.0,2023-09-06
CUST645,Female,35,35-44,Andhra Pradesh,1,120,120.0,2023-11-17
CUST646,Male,38,35-44,Goa,1,90,90.0,2023-05-03
CUST647,Male,59,55+,Karnataka,1,1500,1500.0,2023-05-21
CUST648,Male,53,45-54,Karnataka,1,1200,1200.0,2023-08-14
CUST649,Female,58,55+,Goa,1,600,600.0,2023-02-09
CUST650,Male,55,55+,Karnataka,1,30,30.0,2024-01-01
CUST651,Male,51,45-54,Andhra Pradesh,1,150,150.0,2023-05-27
CUST652,Female,34,25-34,Karnataka,1,100,100.0,2023-05-01
CUST653,Male,54,45-54,Karnataka,1,75,75.0,2023-05-20
CUST654,Male,42,35-44,Karnataka,1,75,75.0,2023-06-21
CUST655,Female,55,55+,Karnataka,1,500,500.0,2023-06-13
CUST656,Male,29,25-34,Andhra Pradesh,1,90,90.0,2023-10-04
CUST657,Male,40,35-44,Andhra Pradesh,1,25,25.0,2023-02-11
CUST658,Male,59,55+,Andhra Pradesh,1,25,25.0,2023-03-12
CUST659,Female,39,35-44,Karnataka,1,30,30.0,2023-03-19
CUST660,Female,38,35-44,Karnataka,1,1000,1000.0,2023-04-29
CUST661,Female,44,35-44,Andhra Pradesh,1,100,100.0,2023-07-16
CUST662,Male,48,45-54,Goa,1,1000,1000.0,2023-12-22
CUST663,Male,23,18-24,Karnataka,1,1200,1200.0,2023-03-20
CUST664,Female,44,35-44,Andhra Pradesh,1,2000,2000.0,2023-12-28
CUST665,Male,57,55+,Andhra Pradesh,1,50,50.0,2023-04-20
CUST666,Male,51,45-54,Andhra Pradesh,1,150,150.0,2023-02-02
CUST667,Female,29,25-34,Andhra Pradesh,1,500,500.0,2023-08-01
CUST668,Female,62,55+,Andhra Pradesh,1,150,150.0,2023-07-28
CUST669,Male,24,18-24,Andhra Pradesh,1,1200,1200.0,2023-06-19
CUST670,Male,27,25-34,Andhra Pradesh,1,30,30.0,2023-10-05
CUST671,Male,62,55+,Andhra Pradesh,1,150,150.0,2023-08-27
CUST672,Female,34,25-34,Goa,1,100,100.0,2023-08-01
CUST673,Female,43,35-44,Andhra Pradesh,1,1500,1500.0,2023-02-01
CUST674,Female,38,35-44,Karnataka,1,300,300.0,2023-04-16
CUST675,Female,45,45-54,Karnataka,1,60,60.0,2023-08-04
CUST676,Male,63,55+,Goa,1,1500,1500.0,2023-07-19
CUST677,Female,19,18-24,Andhra Pradesh,1,1500,1500.0,2023-10-27
CUST678,Female,60,55+,Andhra Pradesh,1,900,900.0,2023-12-23
CUST679,Female,18,18-24,Goa,1,90,90.0,2023-01-11
CUST680,Female,53,45-54,Goa,1,900,900.0,2023-10-22
CUST681,Female,43,35-44,Goa,1,60,60.0,2023-07-14
CUST682,Male,46,45-54,Andhra Pradesh,1,1200,1200.0,2023-09-02
CUST683,Male,38,35-44,Andhra Pradesh,1,1000,1000.0,2023-01-04
CUST684,Female,28,25-34,Karnataka,1,1000,1000.0,2023-06-30
CUST685,Male,57,55+,Goa,1,50,50.0,2023-06-02
CUST686,Female,28,25-34,Karnataka,1,200,200.0,2023-07-19
CUST687,Female,53,45-54,Karnataka,1,300,300.0,2023-08-03
CUST688,Male,56,55+,Andhra Pradesh,1,100,100.0,2023-10-03
CUST689,Male,57,55+,Goa,1,100,100.0,2023-10-07
CUST690,Female,52,45-54,Andhra Pradesh,1,900,900.0,2023-11-05
CUST691,Female,51,45-54,Andhra Pradesh,1,90,90.0,2023-04-23
CUST692,Female,64,55+,Karnataka,1,100,100.0,2023-09-07
CUST693,Male,41,35-44,Karnataka,1,1500,1500.0,2023-04-23
CUST694,Female,39,35-44,Andhra Pradesh,1,50,50.0,2023-05-20
CUST695,Female,22,18-24,Andhra Pradesh,1,150,150.0,2023-08-12
CUST696,Female,50,45-54,Karnataka,1,200,200.0,2023-09-06
CUST697,Male,53,45-54,Andhra Pradesh,1,500,500.0,2023-01-15
CUST698,Female,64,55+,Karnataka,1,300,300.0,2023-07-19
CUST699,Female,37,35-44,Andhra Pradesh,1,120,120.0,2023-06-22
CUST700,Male,36,35-44,Karnataka,1,2000,2000.0,2023-12-09
CUST701,Female,52,45-54,Karnataka,1,60,60.0,2023-12-14
CUST702,Female,60,55+,Andhra Pradesh,1,600,600.0,2023-07-27
CUST703,Male,34,25-34,Andhra Pradesh,1,100,100.0,2023-03-26
CUST704,Female,62,55+,Andhra Pradesh,1,90,90.0,2023-08-28
CUST705,Male,60,55+,Andhra Pradesh,1,50,50.0,2023-03-07
CUST706,Male,51,45-54,Goa,1,100,100.0,2023-11-15
CUST707,Female,26,25-34,Andhra Pradesh,1,500,500.0,2023-10-01
CUST708,Female,43,35-44,Goa,1,900,900.0,2023-01-14
CUST709,Female,19,18-24,Andhra Pradesh,1,1000,1000.0,2023-07-21
CUST710,Female,26,25-34,Karnataka,1,1500,1500.0,2023-10-31
CUST711,Male,26,25-34,Goa,1,1500,1500.0,2023-10-16
CUST712,Female,57,55+,Karnataka,1,50,50.0,2023-12-06
CUST713,Male,34,25-34,Karnataka,1,75,75.0,2023-01-14
CUST714,Female,18,18-24,Karnataka,1,500,500.0,2023-02-12
CUST715,Female,42,35-44,Andhra Pradesh,1,100,100.0,2023-11-26
CUST716,Female,60,55+,Goa,1,1200,1200.0,2023-08-08
CUST717,Male,57,55+,Goa,1,500,500.0,2023-03-11
CUST718,Female,59,55+,Goa,1,75,75.0,2023-08-25
CUST719,Female,42,35-44,Andhra Pradesh,1,60,60.0,2023-04-04
CUST720,Female,56,55+,Karnataka,1,1500,1500.0,2023-01-26
CUST721,Female,52,45-54,Goa,1,500,500.0,2023-05-14
CUST722,Male,20,18-24,Andhra Pradesh,1,900,900.0,2023-07-14
CUST723,Female,54,45-54,Andhra Pradesh,1,200,200.0,2023-06-17
CUST724,Male,61,55+,Karnataka,1,150,150.0,2023-04-19
CUST725,Male,61,55+,Karnataka,1,300,300.0,2023-08-21
CUST726,Male,47,45-54,Goa,1,1200,1200.0,2023-06-17
CUST727,Male,55,55+,Andhra Pradesh,1,900,900.0,2023-06-22
CUST728,Male,51,45-54,Goa,1,150,150.0,2023-07-14
CUST729,Male,29,25-34,Andhra Pradesh,1,1200,1200.0,2023-05-23
CUST730,Female,36,35-44,Andhra Pradesh,1,50,50.0,2023-08-04
CUST731,Male,54,45-54,Andhra Pradesh,1,2000,2000.0,2023-05-10
CUST732,Male,61,55+,Goa,1,1000,1000.0,2023-02-11
CUST733,Male,34,25-34,Karnataka,1,30,30.0,2023-08-29
CUST734,Female,27,25-34,Karnataka,1,30,30.0,2023-01-10
CUST735,Female,64,55+,Andhra Pradesh,1,2000,2000.0,2023-10-04
CUST736,Male,29,25-34,Goa,1,100,100.0,2023-01-27
CUST737,Female,33,25-34,Andhra Pradesh,1,50,50.0,2023-06-29
CUST738,Male,41,35-44,Goa,1,100,100.0,2023-04-25
CUST739,Male,36,35-44,Karnataka,1,25,25.0,2023-11-29
CUST740,Female,25,25-34,Andhra Pradesh,1,200,200.0,2023-02-05
CUST741,Male,48,45-54,Karnataka,1,300,300.0,2023-11-30
CUST742,Female,38,35-44,Andhra Pradesh,1,2000,2000.0,2023-01-21
CUST743,Female,34,25-34,Karnataka,1,2000,2000.0,2023-01-16
CUST744,Male,40,35-44,Karnataka,1,25,25.0,2023-05-07
CUST745,Male,54,45-54,Andhra Pradesh,1,100,100.0,2023-04-13
CUST746,Female,33,25-34,Goa,1,90,90.0,2023-01-11
CUST747,Male,23,18-24,Andhra Pradesh,1,30,30.0,2023-11-15
CUST748,Male,25,25-34,Karnataka,1,150,150.0,2023-03-20
CUST749,Male,42,35-44,Goa,1,30,30.0,2023-05-03
CUST750,Female,35,35-44,Karnataka,1,75,75.0,2023-03-06
CUST751,Female,42,35-44,Andhra Pradesh,1,50,50.0,2023-08-31
CUST752,Male,29,25-34,Goa,1,100,100.0,2023-12-09
CUST753,Female,32,25-34,Karnataka,1,30,30.0,2023-02-28
CUST754,Female,43,35-44,Andhra Pradesh,1,100,100.0,2023-10-16
CUST755,Female,58,55+,Andhra Pradesh,1,75,75.0,2023-04-22
CUST756,Female,62,55+,Goa,1,1200,1200.0,2023-08-27
CUST757,Female,43,35-44,Karnataka,1,1200,1200.0,2023-12-25
CUST758,Male,64,55+,Karnataka,1,100,100.0,2023-05-12
CUST759,Male,49,45-54,Goa,1,100,100.0,2023-07-08
CUST760,Male,27,25-34,Goa,1,500,500.0,2023-03-27
CUST761,Female,33,25-34,Andhra Pradesh,1,500,500.0,2023-11-07
CUST762,Female,24,18-24,Andhra Pradesh,1,50,50.0,2023-11-07
CUST763,Male,34,25-34,Andhra Pradesh,1,50,50.0,2023-02-28
CUST764,Female,40,35-44,Karnataka,1,25,25.0,2023-03-25
CUST765,Male,43,35-44,Andhra Pradesh,1,200,200.0,2023-06-09
CUST766,Male,38,35-44,Karnataka,1,900,900.0,2023-02-25
CUST767,Male,39,35-44,Goa,1,75,75.0,2023-10-24
CUST768,Female,24,18-24,Goa,1,75,75.0,2023-01-14
CUST769,Female,31,25-34,Andhra Pradesh,1,120,120.0,2023-06-09
CUST770,Male,32,25-34,Goa,1,50,50.0,2023-10-22
CUST771,Male,24,18-24,Andhra Pradesh,1,50,50.0,2023-12-13
CUST772,Male,26,25-34,Goa,1,30,30.0,2023-07-12
CUST773,Male,25,25-34,Andhra Pradesh,1,2000,2000.0,2023-07-23
CUST774,Female,40,35-44,Andhra Pradesh,1,50,50.0,2023-04-12
CUST775,Female,46,45-54,Goa,1,100,100.0,2023-02-08
CUST776,Male,35,35-44,Andhra Pradesh,1,90,90.0,2023-10-31
CUST777,Male,48,45-54,Andhra Pradesh,1,150,150.0,2023-12-20
CUST778,Female,47,45-54,Karnataka,1,100,100.0,2023-11-18
CUST779,Female,56,55+,Karnataka,1,1000,1000.0,2023-05-05
CUST780,Male,52,45-54,Karnataka,1,50,50.0,2023-02-22
CUST781,Male,35,35-44,Karnataka,1,500,500.0,2023-12-23
CUST782,Male,59,55+,Karnataka,1,900,900.0,2023-06-04
CUST783,Female,56,55+,Andhra Pradesh,1,300,300.0,2023-12-17
CUST784,Female,34,25-34,Andhra Pradesh,1,500,500.0,2023-11-04
CUST785,Female,31,25-34,Andhra Pradesh,1,200,200.0,2023-03-03
CUST786,Male,48,45-54,Goa,1,100,100.0,2023-10-17
CUST787,Male,41,35-44,Karnataka,1,25,25.0,2023-01-22
CUST788,Female,52,45-54,Karnataka,1,900,900.0,2023-06-27
CUST789,Female,61,55+,Karnataka,1,2000,2000.0,2023-09-30
CUST790,Male,62,55+,Goa,1,25,25.0,2023-08-08
CUST791,Female,51,45-54,Andhra Pradesh,1,25,25.0,2023-12-05
CUST792,Female,20,18-24,Karnataka,1,50,50.0,2023-07-09
CUST793,Male,54,45-54,Karnataka,1,30,30.0,2023-02-05
CUST794,Female,60,55+,Karnataka,1,300,300.0,2023-09-17
CUST795,Male,57,55+,Andhra Pradesh,1,300,300.0,2023-11-28
CUST796,Male,43,35-44,Goa,1,120,120.0,2023-06-24
CUST797,Male,40,35-44,Goa,1,75,75.0,2023-01-07
CUST798,Male,61,55+,Karnataka,1,50,50.0,2023-08-04
CUST799,Male,56,55+,Karnataka,1,100,100.0,2023-09-08
CUST800,Male,32,25-34,Goa,1,1200,1200.0,2023-02-24
CUST801,Male,21,18-24,Karnataka,1,200,200.0,2023-08-10
CUST802,Female,46,45-54,Andhra Pradesh,1,30,30.0,2023-07-05
CUST803,Male,39,35-44,Karnataka,1,100,100.0,2023-11-22
CUST804,Male,42,35-44,Karnataka,1,30,30.0,2023-08-24
CUST805,Female,30,25-34,Karnataka,1,1500,1500.0,2023-12-29
CUST806,Female,35,35-44,Karnataka,1,900,900.0,2023-03-20
CUST807,Female,50,45-54,Goa,1,200,200.0,2023-08-11
CUST808,Male,33,25-34,Goa,1,2000,2000.0,2023-04-01
CUST809,Female,62,55+,Karnataka,1,100,100.0,2023-09-25
CUST810,Male,59,55+,Andhra Pradesh,1,100,100.0,2023-11-30
CUST811,Male,61,55+,Goa,1,50,50.0,2023-05-19
CUST812,Male,19,18-24,Goa,1,75,75.0,2023-11-12
CUST813,Male,52,45-54,Andhra Pradesh,1,150,150.0,2023-10-03
CUST814,Female,59,55+,Goa,1,500,500.0,2023-09-05
CUST815,Female,51,45-54,Goa,1,75,75.0,2023-08-27
CUST816,Male,47,45-54,Karnataka,1,1000,1000.0,2023-08-12
CUST817,Male,30,25-34,Karnataka,1,200,200.0,2023-10-31
CUST818,Male,30,25-34,Andhra Pradesh,1,500,500.0,2023-05-18
CUST819,Female,35,35-44,Andhra Pradesh,1,100,100.0,2023-06-15
CUST820,Male,49,45-54,Andhra Pradesh,1,200,200.0,2023-05-06
CUST821,Male,49,45-54,Goa,1,300,300.0,2023-02-14
CUST822,Female,52,45-54,Andhra Pradesh,1,150,150.0,2023-05-23
CUST823,Female,56,55+,Andhra Pradesh,1,100,100.0,2023-08-19
CUST824,Male,63,55+,Andhra Pradesh,1,120,120.0,2023-05-05
CUST825,Female,46,45-54,Karnataka,1,25,25.0,2023-08-26
CUST826,Female,46,45-54,Goa,1,300,300.0,2023-10-19
CUST827,Male,61,55+,Andhra Pradesh,1,900,900.0,2023-11-09
CUST828,Female,33,25-34,Andhra Pradesh,1,1200,1200.0,2023-12-09
CUST829,Male,61,55+,Karnataka,1,90,90.0,2023-07-14
CUST830,Female,64,55+,Karnataka,1,150,150.0,2023-06-22
CUST831,Male,27,25-34,Andhra Pradesh,1,100,100.0,2023-01-15
CUST832,Male,47,45-54,Karnataka,1,2000,2000.0,2023-09-11
CUST833,Male,42,35-44,Andhra Pradesh,1,200,200.0,2023-06-16
CUST834,Female,56,55+,Andhra Pradesh,1,60,60.0,2023-04-04
CUST835,Male,37,35-44,Karnataka,1,200,200.0,2023-09-07
CUST836,Female,22,18-24,Karnataka,1,50,50.0,2023-04-19
CUST837,Male,18,18-24,Goa,1,90,90.0,2023-07-01
CUST838,Male,47,45-54,Andhra Pradesh,1,600,600.0,2023-05-13
CUST839,Female,20,18-24,Karnataka,1,1200,1200.0,2023-06-24
CUST840,Male,62,55+,Karnataka,1,50,50.0,2023-05-24
CUST841,Male,31,25-34,Andhra Pradesh,1,100,100.0,2023-11-02
CUST842,Female,47,45-54,Karnataka,1,600,600.0,2023-12-26
CUST843,Male,21,18-24,Andhra Pradesh,1,1500,1500.0,2023-05-22
CUST844,Male,35,35-44,Goa,1,150,150.0,2023-10-12
CUST845,Male,54,45-54,Andhra Pradesh,1,500,500.0,2023-01-06
CUST846,Male,42,35-44,Karnataka,1,50,50.0,2023-09-22
CUST847,Female,18,18-24,Andhra Pradesh,1,1200,1200.0,2023-04-08
CUST848,Female,63,55+,Goa,1,75,75.0,2023-02-13
CUST849,Male,32,25-34,Karnataka,1,50,50.0,2023-05-04
CUST850,Female,26,25-34,Karnataka,1,1000,1000.0,2023-07-28
CUST851,Male,32,25-34,Andhra Pradesh,1,50,50.0,2023-09-08
CUST852,Female,41,35-44,Karnataka,1,300,300.0,2023-10-12
CUST853,Male,21,18-24,Andhra Pradesh,1,1000,1000.0,2023-05-04
CUST854,Male,29,25-34,Goa,1,50,50.0,2023-12-20
CUST855,Male,54,45-54,Andhra Pradesh,1,25,25.0,2023-09-01
CUST856,Male,54,45-54,Andhra Pradesh,1,120,120.0,2023-11-27
CUST857,Male,60,55+,Andhra Pradesh,1,50,50.0,2023-12-31
CUST858,Male,23,18-24,Karnataka,1,100,100.0,2023-09-09
CUST859,Female,56,55+,Karnataka,1,1500,1500.0,2023-08-18
CUST860,Male,63,55+,Andhra Pradesh,1,200,200.0,2023-01-09
CUST861,Female,41,35-44,Goa,1,90,90.0,2023-02-17
CUST862,Male,28,25-34,Karnataka,1,1200,1200.0,2023-05-31
CUST863,Female,30,25-34,Karnataka,1,50,50.0,2023-04-24
CUST864,Female,51,45-54,Karnataka,1,500,500.0,2023-07-27
CUST865,Female,42,35-44,Karnataka,1,300,300.0,2023-12-21
CUST866,Male,24,18-24,Karnataka,1,50,50.0,2023-05-05
CUST867,Male,21,18-24,Andhra Pradesh,1,500,500.0,2023-06-06
CUST868,Female,25,25-34,Andhra Pradesh,1,300,300.0,2023-12-06
CUST869,Male,37,35-44,Goa,1,1500,1500.0,2023-10-25
CUST870,Female,46,45-54,Goa,1,120,120.0,2023-07-08
CUST871,Male,62,55+,Andhra Pradesh,1,60,60.0,2023-08-31
CUST872,Female,63,55+,Andhra Pradesh,1,75,75.0,2023-10-11
CUST873,Female,27,25-34,Karnataka,1,100,100.0,2023-09-29
CUST874,Male,60,55+,Karnataka,1,30,30.0,2023-06-26
CUST875,Female,51,45-54,Andhra Pradesh,1,2000,2000.0,2023-08-06
CUST876,Male,43,35-44,Andhra Pradesh,1,120,120.0,2023-10-09
CUST877,Female,58,55+,Karnataka,1,25,25.0,2023-06-19
CUST878,Female,20,18-24,Karnataka,1,30,30.0,2023-06-30
CUST879,Male,23,18-24,Andhra Pradesh,1,30,30.0,2023-12-26
CUST880,Male,22,18-24,Andhra Pradesh,1,1000,1000.0,2023-08-21
CUST881,Male,22,18-24,Andhra Pradesh,1,300,300.0,2023-05-19
CUST882,Female,64,55+,Karnataka,1,50,50.0,2023-06-06
CUST883,Male,40,35-44,Andhra Pradesh,1,500,500.0,2023-05-09
CUST884,Female,26,25-34,Andhra Pradesh,1,60,60.0,2023-04-29
CUST885,Female,52,45-54,Goa,1,120,120.0,2023-03-03
CUST886,Male,37,35-44,Andhra Pradesh,1,900,900.0,2023-04-09
CUST887,Male,59,55+,Karnataka,1,100,100.0,2023-06-11
CUST888,Female,52,45-54,Andhra Pradesh,1,100,100.0,2023-03-03
CUST889,Female,35,35-44,Andhra Pradesh,1,50,50.0,2023-10-02
CUST890,Male,34,25-34,Andhra Pradesh,1,50,50.0,2023-12-20
CUST891,Male,41,35-44,Karnataka,1,900,900.0,2023-04-05
CUST892,Male,20,18-24,Goa,1,50,50.0,2023-04-09
CUST893,Male,49,45-54,Goa,1,50,50.0,2023-04-21
CUST894,Male,52,45-54,Andhra Pradesh,1,30,30.0,2023-09-05
CUST895,Female,55,55+,Karnataka,1,120,120.0,2023-05-22
CUST896,Female,30,25-34,Andhra Pradesh,1,50,50.0,2023-10-29
CUST897,Female,64,55+,Andhra Pradesh,1,100,100.0,2023-09-26
CUST898,Female,42,35-44,Goa,1,90,90.0,2023-11-02
CUST899,Male,26,25-34,Andhra Pradesh,1,600,600.0,2023-05-25
CUST900,Male,21,18-24,Andhra Pradesh,1,60,60.0,2023-02-21
CUST901,Male,31,25-34,Andhra Pradesh,1,30,30.0,2023-04-10
CUST902,Female,54,45-54,Andhra Pradesh,1,50,50.0,2023-06-01
CUST903,Female,51,45-54,Andhra Pradesh,1,200,200.0,2023-04-27
CUST904,Male,28,25-34,Karnataka,1,500,500.0,2023-07-04
CUST905,Male,58,55+,Karnataka,1,300,300.0,2023-04-02
CUST906,Female,20,18-24,Goa,1,50,50.0,2023-06-04
CUST907,Female,45,45-54,Goa,1,25,25.0,2023-01-08
CUST908,Male,46,45-54,Andhra Pradesh,1,1200,1200.0,2023-12-29
CUST909,Male,26,25-34,Andhra Pradesh,1,300,300.0,2023-10-01
CUST910,Female,20,18-24,Andhra Pradesh,1,150,150.0,2023-03-06
CUST911,Male,42,35-44,Karnataka,1,900,900.0,2023-05-21
CUST912,Male,51,45-54,Andhra Pradesh,1,150,150.0,2023-01-24
CUST913,Male,29,25-34,Karnataka,1,90,90.0,2023-01-28
CUST914,Female,59,55+,Karnataka,1,500,500.0,2023-10-11
CUST915,Female,26,25-34,Karnataka,1,90,90.0,2023-05-30
CUST916,Female,32,25-34,Karnataka,1,50,50.0,2023-12-24
CUST917,Female,57,55+,Andhra Pradesh,1,200,200.0,2023-03-06
CUST918,Female,42,35-44,Goa,1,90,90.0,2023-11-23
CUST919,Female,22,18-24,Goa,1,50,50.0,2023-09-09
CUST920,Female,28,25-34,Andhra Pradesh,1,75,75.0,2023-02-22
CUST921,Male,51,45-54,Goa,1,75,75.0,2023-01-07
CUST922,Male,41,35-44,Karnataka,1,50,50.0,2023-10-21
CUST923,Male,32,25-34,Goa,1,900,900.0,2023-05-26
CUST924,Male,55,55+,Goa,1,100,100.0,2023-08-29
CUST925,Male,25,25-34,Karnataka,1,300,300.0,2023-09-03
CUST926,Male,22,18-24,Andhra Pradesh,1,30,30.0,2023-08-14
CUST927,Male,43,35-44,Andhra Pradesh,1,2000,2000.0,2023-06-24
CUST928,Female,35,35-44,Karnataka,1,1200,1200.0,2023-04-05
CUST929,Female,23,18-24,Karnataka,1,75,75.0,2023-01-27
CUST930,Male,54,45-54,Andhra Pradesh,1,200,200.0,2023-05-10
CUST931,Male,30,25-34,Andhra Pradesh,1,120,120.0,2023-09-02
CUST932,Female,45,45-54,Goa,1,100,100.0,2023-02-28
CUST933,Male,22,18-24,Goa,1,30,30.0,2023-02-03
CUST934,Male,30,25-34,Karnataka,1,500,500.0,2023-07-25
CUST935,Female,34,25-34,Andhra Pradesh,1,50,50.0,2023-09-09
CUST936,Male,57,55+,Andhra Pradesh,1,200,200.0,2023-02-07
CUST937,Female,62,55+,Andhra Pradesh,1,500,500.0,2023-10-23
CUST938,Male,49,45-54,Goa,1,200,200.0,2023-11-19
CUST939,Female,46,45-54,Andhra Pradesh,1,300,300.0,2023-12-18
CUST940,Female,20,18-24,Karnataka,1,30,30.0,2023-01-28
CUST941,Female,57,55+,Andhra Pradesh,1,50,50.0,2023-03-19
CUST942,Male,51,45-54,Karnataka,1,1500,1500.0,2023-03-18
CUST943,Female,57,55+,Karnataka,1,1200,1200.0,2023-10-16
CUST944,Male,44,35-44,Goa,1,50,50.0,2023-06-05
CUST945,Male,30,25-34,Andhra Pradesh,1,25,25.0,2023-02-13
CUST946,Male,62,55+,Andhra Pradesh,1,2000,2000.0,2023-05-08
CUST947,Male,50,45-54,Andhra Pradesh,1,300,300.0,2023-03-02
CUST948,Female,23,18-24,Goa,1,75,75.0,2023-10-13
CUST949,Female,41,35-44,Goa,1,50,50.0,2023-08-02
CUST950,Male,36,35-44,Karnataka,1,900,900.0,2023-11-07
CUST951,Male,33,25-34,Karnataka,1,100,100.0,2023-11-02
CUST952,Female,57,55+,Karnataka,1,25,25.0,2023-11-13
CUST953,Male,45,45-54,Andhra Pradesh,1,90,90.0,2023-04-26
CUST954,Female,50,45-54,Goa,1,900,900.0,2023-09-25
CUST955,Male,58,55+,Karnataka,1,25,25.0,2023-07-14
CUST956,Male,30,25-34,Andhra Pradesh,1,1500,1500.0,2023-08-19
CUST957,Female,60,55+,Karnataka,1,120,120.0,2023-08-15
CUST958,Male,62,55+,Andhra Pradesh,1,50,50.0,2023-06-02
CUST959,Female,42,35-44,Andhra Pradesh,1,60,60.0,2023-10-29
CUST960,Male,59,55+,Karnataka,1,60,60.0,2023-08-08
CUST961,Male,53,45-54,Andhra Pradesh,1,200,200.0,2023-06-06
CUST962,Male,44,35-44,Karnataka,1,60,60.0,2023-10-19
CUST963,Female,55,55+,Andhra Pradesh,1,50,50.0,2023-11-14
CUST964,Male,24,18-24,Andhra Pradesh,1,900,900.0,2023-01-31
CUST965,Male,22,18-24,Andhra Pradesh,1,200,200.0,2023-11-09
CUST966,Male,60,55+,Andhra Pradesh,1,1000,1000.0,2023-02-20
CUST967,Male,62,55+,Karnataka,1,25,25.0,2023-04-17
CUST968,Female,48,45-54,Andhra Pradesh,1,900,900.0,2023-11-17
CUST969,Female,40,35-44,Karnataka,1,900,900.0,2023-04-19
CUST970,Male,59,55+,Karnataka,1,2000,2000.0,2023-05-16
CUST971,Female,27,25-34,Karnataka,1,200,200.0,2023-12-05
CUST972,Male,49,45-54,Goa,1,100,100.0,2023-02-11
CUST973,Male,60,55+,Karnataka,1,50,50.0,2023-03-22
CUST974,Male,47,45-54,Andhra Pradesh,1,30,30.0,2023-05-03
CUST975,Female,56,55+,Andhra Pradesh,1,200,200.0,2023-03-30
CUST976,Female,48,45-54,Andhra Pradesh,1,600,600.0,2023-10-10
CUST977,Female,35,35-44,Karnataka,1,75,75.0,2023-02-08
CUST978,Female,53,45-54,Andhra Pradesh,1,150,150.0,2023-03-22
CUST979,Female,19,18-24,Karnataka,1,25,25.0,2023-01-02
CUST980,Female,31,25-34,Karnataka,1,75,75.0,2023-07-29
CUST981,Female,30,25-34,Andhra Pradesh,1,60,60.0,2023-08-19
CUST982,Female,46,45-54,Goa,1,90,90.0,2023-12-19
CUST983,Female,29,25-34,Andhra Pradesh,1,300,300.0,2023-11-01
CUST984,Male,56,55+,Andhra Pradesh,1,500,500.0,2023-08-29
CUST985,Female,19,18-24,Karnataka,1,50,50.0,2023-05-30
CUST986,Female,49,45-54,Karnataka,1,1000,1000.0,2023-01-17
CUST987,Female,30,25-34,Karnataka,1,900,900.0,2023-04-29
CUST988,Female,63,55+,Karnataka,1,75,75.0,2023-05-28
CUST989,Female,44,35-44,Andhra Pradesh,1,25,25.0,2023-12-28
CUST990,Female,58,55+,Goa,1,1000,1000.0,2023-05-25
CUST991,Female,34,25-34,Goa,1,100,100.0,2023-12-26
CUST992,Female,57,55+,Karnataka,1,60,60.0,2023-08-21
CUST993,Female,48,45-54,Andhra Pradesh,1,150,150.0,2023-02-06
CUST994,Female,51,45-54,Karnataka,1,1000,1000.0,2023-12-18
CUST995,Female,41,35-44,Andhra Pradesh,1,30,30.0,2023-04-30
CUST996,Male,62,55+,Andhra Pradesh,1,50,50.0,2023-05-16
CUST997,Male,52,45-54,Goa,1,90,90.0,2023-11-17
CUST998,Female,23,18-24,Andhra Pradesh,1,100,100.0,2023-10-29
CUST999,Female,36,35-44,Goa,1,150,150.0,2023-12-05
